,Date,Time,Open,High,Low,Close,ST_ALMA
0,03/08/2012,21:15:39.000,2628.75,2636,2627.75,2636,2632.13
1,03/09/2012,08:30:00.300,2637,2638.75,2637,2638.75,2634.04
2,03/09/2012,08:30:00.420,2639,2641.25,2637.5,2641.25,2636.58
3,03/09/2012,08:30:02.700,2641.5,2643.75,2641.5,2643.75,2640.08
4,03/09/2012,08:30:02.360,2644,2647,2633.5,2645.5,2641.63
5,03/09/2012,14:30:02.000,2645.75,2651.5,2630.75,2649.75,2643.19
6,03/12/2012,21:16:23.000,2650,2657.5,2650,2657.5,2646.9
7,03/12/2012,22:21:36.120,2658,2660,2654.75,2660,2652.13
8,03/13/2012,00:23:51.600,2660.25,2662.5,2654.5,2662.5,2657.29
9,03/13/2012,06:00:00.230,2662.75,2665,2653.5,2665,2659.9
10,03/13/2012,10:45:11.100,2665.25,2667.5,2662.5,2667.5,2662.4
11,03/13/2012,11:24:07.000,2667.75,2670,2666.5,2670,2665.27
12,03/13/2012,11:41:20.500,2670.25,2672.5,2669.25,2672.5,2668.46
13,03/13/2012,11:54:09.300,2672.75,2675,2670,2675,2670.96
14,03/13/2012,12:50:31.410,2675.25,2677.5,2673,2677.5,2673.38
15,03/13/2012,14:20:29.900,2677.75,2678.75,2673.5,2674.25,2675.02
16,03/13/2012,14:30:00.000,2674.5,2682,2671,2682,2676.42
17,03/13/2012,15:11:32.140,2682.25,2684.5,2681,2684.5,2678.83
18,03/13/2012,15:16:01.370,2684.75,2687,2682.25,2687,2681.9
19,03/13/2012,15:40:02.000,2687.25,2689.5,2686.5,2689.5,2685.5
20,03/13/2012,15:44:07.900,2689.75,2692,2687.25,2692,2687.9
21,03/13/2012,15:58:03.000,2692.25,2694.5,2692,2694.5,2690.58
22,03/13/2012,16:00:00.290,2694.75,2697,2686,2697,2692.42
23,03/13/2012,16:53:35.800,2697.25,2700,2686.5,2700,2694.31
24,03/14/2012,09:32:38.100,2700.25,2702.5,2695.25,2702.5,2696.58
25,03/14/2012,09:46:48.130,2702.75,2705,2700,2705,2699.75
26,03/14/2012,10:06:59.220,2705.25,2707.5,2703.25,2707.5,2703.06
27,03/14/2012,10:19:33.000,2707.75,2710,2697.5,2710,2705.13
28,03/14/2012,13:20:39.130,2710.25,2712.5,2709,2712.5,2707.75
29,03/14/2012,13:28:20.270,2712.75,2713.75,2695,2695,2707.17
30,03/14/2012,14:12:27.560,2694.75,2695.5,2692.5,2692.5,2703
31,03/14/2012,14:15:46.200,2692.25,2693,2690,2690,2696.42
32,03/14/2012,14:20:08.130,2689.75,2689.75,2687.5,2687.5,2691.25
33,03/14/2012,14:20:57.300,2687.25,2702.5,2687.25,2702.5,2691.6
34,03/14/2012,15:30:05.300,2702.75,2704.75,2697,2702.75,2695.1
35,03/14/2012,21:15:00.000,2702.75,2710.25,2702.5,2710.25,2701.04
36,03/15/2012,00:36:41.000,2710.5,2712.75,2705,2712.75,2706.17
37,03/15/2012,05:39:48.000,2713,2717.25,2698.25,2716.75,2709.33
38,03/16/2012,07:30:38.000,2717,2719.25,2716.5,2719.25,2713.19
39,03/16/2012,08:32:26.900,2719.5,2720,2702.75,2710.75,2714.19
40,03/16/2012,14:30:00.000,2710.75,2718.5,2705.25,2718.5,2714.83
41,03/18/2012,20:53:23.000,2718.75,2719,2717.75,2718.5,2715
42,03/18/2012,21:15:17.000,2718.5,2721,2711,2711,2715.71
43,03/19/2012,04:00:19.000,2710.75,2711,2708.5,2708.5,2714.52
44,03/19/2012,04:15:01.000,2708.25,2709,2706,2706,2710.79
45,03/19/2012,04:30:04.000,2705.75,2705.75,2703.5,2703.5,2707.21
46,03/19/2012,04:34:26.530,2703.25,2718.75,2702.75,2703.5,2706.33
47,03/19/2012,08:50:13.550,2703.25,2704.75,2701,2701,2704.73
48,03/19/2012,08:51:07.500,2700.75,2716,2700.25,2716,2705.94
49,03/19/2012,09:48:38.115,2716.25,2718.5,2707.5,2718.5,2708.65
50,03/19/2012,11:39:30.480,2718.75,2721,2718.5,2721,2714.42
51,03/19/2012,11:44:19.115,2721.25,2723.5,2721,2723.5,2719.1
52,03/19/2012,11:44:30.350,2723.75,2726,2721.75,2726,2722.17
53,03/19/2012,12:01:13.470,2726.25,2728.5,2725.5,2728.5,2724.63
54,03/19/2012,12:34:49.000,2728.75,2731,2728.5,2731,2727.13
55,03/19/2012,12:43:23.100,2731.25,2733.5,2726.75,2733.5,2729.42
56,03/19/2012,13:36:15.820,2733.75,2735,2730.5,2734,2731.46
57,03/19/2012,14:30:00.000,2733.75,2734.75,2722,2722,2730.9
58,03/20/2012,04:08:28.140,2721.75,2724.75,2719.5,2719.5,2727.6
59,03/20/2012,05:26:05.290,2719.25,2719.25,2717,2717,2722.54
60,03/20/2012,05:33:08.170,2716.75,2717.25,2714.5,2714.5,2718.42
61,03/20/2012,05:40:30.000,2714.25,2718.75,2712,2712,2716.04
62,03/20/2012,09:32:04.000,2711.75,2715,2709.5,2709.5,2713.81
63,03/20/2012,09:41:53.000,2709.25,2727,2707.25,2727,2714.44
64,03/20/2012,14:00:18.210,2727.25,2729.5,2724.5,2729.5,2718.92
65,03/20/2012,14:15:49.225,2729.75,2732,2728,2729.5,2725.04
66,03/20/2012,14:30:01.000,2729.75,2737.25,2726,2737.25,2730.02
67,03/20/2012,16:14:30.120,2737.5,2739.75,2731.75,2739.75,2733.19
68,03/20/2012,20:31:08.200,2740,2742.25,2738.75,2742.25,2736.85
69,03/20/2012,21:03:49.300,2742.5,2743.75,2741.75,2743.75,2740.31
70,03/20/2012,21:15:31.000,2743.25,2744.25,2733.25,2733.25,2740.75
71,03/21/2012,08:27:39.270,2733,2742,2730.75,2730.75,2738.52
72,03/21/2012,11:00:09.270,2730.5,2748.5,2728.75,2728.75,2735.58
73,03/21/2012,22:56:08.190,2728.5,2736,2726.25,2726.25,2732.5
74,03/22/2012,04:30:04.170,2726,2726.25,2723.75,2723.75,2729.44
75,03/22/2012,04:31:43.600,2723.5,2725.75,2721.25,2721.25,2725.71
76,03/22/2012,04:45:10.000,2721,2724.25,2718.75,2718.75,2722.85
77,03/22/2012,05:16:16.000,2718.5,2725.5,2716.25,2716.25,2720.92
78,03/22/2012,09:28:33.100,2716,2733.75,2715.5,2733.75,2721.52
79,03/22/2012,12:59:58.380,2734,2734.25,2716.5,2716.5,2723.06
80,03/22/2012,15:20:36.180,2716.25,2731.5,2716.25,2731.5,2724.65
81,03/22/2012,15:49:43.340,2731.75,2734,2727,2734,2726.96
82,03/22/2012,17:06:24.000,2734.25,2734.5,2730,2732.5,2729.46
83,03/22/2012,21:15:00.000,2733,2740.5,2731.75,2740.5,2733.65
84,03/23/2012,03:29:11.000,2740.75,2743,2738.5,2743,2736.85
85,03/23/2012,04:31:41.000,2743.25,2745.5,2743,2745.5,2740.69
86,03/23/2012,04:34:19.750,2745.75,2746.5,2728,2728,2740.9
87,03/23/2012,09:32:33.160,2727.75,2730,2725.5,2725.5,2736.19
88,03/23/2012,09:41:15.110,2725.25,2725.5,2723,2723,2729.48
89,03/23/2012,09:42:20.115,2722.75,2726.75,2720.5,2720.5,2724.67
90,03/23/2012,10:00:10.570,2720.25,2720.75,2718,2718,2722.02
91,03/23/2012,10:00:55.270,2717.75,2719.5,2715.5,2715.5,2719.65
92,03/23/2012,10:04:09.000,2715.25,2717.25,2713,2713,2716.98
93,03/23/2012,10:08:25.200,2712.75,2729.25,2710.75,2728.75,2717.35
94,03/23/2012,14:30:01.000,2728.75,2730.75,2723.75,2730.75,2721.17
95,03/25/2012,01:01:53.000,2730.75,2730.75,2730.75,2730.75,2726.54
96,03/25/2012,18:00:00.000,2729.75,2737.25,2729,2737.25,2730.85
97,03/25/2012,19:59:32.150,2737.5,2738,2733.75,2735.25,2733.4
98,03/25/2012,21:15:03.000,2735.25,2742.75,2731.25,2742.75,2735.81
99,03/26/2012,07:09:35.000,2743,2745.25,2740.25,2745,2739.17
100,03/26/2012,08:04:36.600,2745.5,2747.75,2745.5,2747.75,2742.67
101,03/26/2012,08:04:47.500,2748,2750.25,2742.5,2750.25,2745.92
102,03/26/2012,10:12:01.760,2750.5,2752.75,2750.25,2752.75,2748.65
103,03/26/2012,10:15:07.500,2753,2755.25,2749.25,2755.25,2750.83
104,03/26/2012,11:26:28.200,2755.5,2757.75,2752.5,2757.75,2753.54
105,03/26/2012,13:28:03.000,2758,2760.25,2756.75,2760.25,2755.96
106,03/26/2012,13:36:15.900,2760.5,2762.75,2758.75,2762.75,2758.63
107,03/26/2012,14:05:27.310,2763,2765.25,2762,2765.25,2761.29
108,03/26/2012,14:11:22.000,2765.5,2767.75,2764.75,2767.75,2763.83
109,03/26/2012,14:22:01.700,2768,2768.5,2766.5,2767.5,2765.98
110,03/26/2012,14:30:00.000,2767.25,2774.75,2763.75,2774.75,2768.06
111,03/26/2012,16:03:03.000,2775,2777.25,2775,2777.25,2771.29
112,03/26/2012,16:06:00.000,2777.5,2779.5,2775.5,2777.75,2774.6
113,03/26/2012,21:15:02.000,2777.75,2785.25,2774.5,2785.25,2778.13
114,03/27/2012,04:07:28.500,2785.5,2787.75,2780.25,2780.25,2780.56
115,03/27/2012,05:43:22.190,2780,2781,2772.75,2772.75,2780.25
116,03/27/2012,08:00:23.100,2772.5,2789,2772,2788.5,2780.19
117,03/27/2012,14:30:00.000,2788.5,2789.5,2781,2781,2780.71
118,03/27/2012,15:29:21.100,2780.75,2783,2778.5,2778.5,2781.9
119,03/27/2012,15:46:59.510,2778.25,2780.5,2776,2776,2780.96
120,03/27/2012,16:00:12.100,2775.75,2780,2773.75,2779.75,2778.4
121,03/27/2012,21:15:44.000,2779.75,2787.25,2775,2787,2779.08
122,03/28/2012,03:56:44.000,2787.5,2789.75,2775.25,2789.75,2781.71
123,03/28/2012,09:40:02.940,2790,2790.25,2772.25,2772.25,2783
124,03/28/2012,10:37:20.100,2772,2777.25,2769.75,2769.75,2779.65
125,03/28/2012,11:35:01.176,2769.5,2770,2767.25,2767.25,2773.96
126,03/28/2012,11:45:20.190,2767,2767.5,2764.75,2764.75,2768.9
127,03/28/2012,11:49:52.800,2764.5,2764.75,2762.25,2762.25,2765.98
128,03/28/2012,11:51:45.200,2762,2762.25,2759.75,2759.75,2763.46
129,03/28/2012,11:55:06.000,2759.5,2760,2757.25,2757.25,2760.96
130,03/28/2012,11:55:20.370,2757,2762.75,2754.75,2754.75,2758.92
131,03/28/2012,13:23:19.108,2754.5,2758.25,2752.25,2752.25,2756.71
132,03/28/2012,14:05:29.220,2752,2755,2750.25,2754.25,2754.83
133,03/28/2012,14:30:00.000,2754.25,2761.75,2754,2761.75,2755.04
134,03/28/2012,14:46:18.210,2762,2764.25,2760.25,2764.25,2757.83
135,03/28/2012,15:00:33.000,2764.5,2766.75,2764.5,2766.75,2762.08
136,03/28/2012,15:01:37.230,2767,2769.25,2762,2769.25,2765.06
137,03/28/2012,15:45:08.900,2769.5,2770.75,2765.25,2765.75,2766.77
138,03/28/2012,21:15:16.000,2765.5,2773,2763,2773,2767.77
139,03/29/2012,03:55:14.000,2773.25,2773.25,2758,2758,2767.35
140,03/29/2012,07:01:35.200,2757.75,2763.75,2755.5,2755.5,2764.13
141,03/29/2012,09:23:00.200,2755.25,2755.75,2753,2753,2759.33
142,03/29/2012,09:26:08.000,2752.75,2752.75,2750.5,2750.5,2754.67
143,03/29/2012,09:27:36.100,2750.25,2765.5,2750.25,2765.5,2754.58
144,03/29/2012,09:48:50.350,2765.75,2766.5,2750.5,2750.5,2755.94
145,03/29/2012,10:30:42.260,2750.25,2753.25,2748,2748,2755.35
146,03/29/2012,10:36:25.670,2747.75,2755.5,2745.5,2745.5,2752.25
147,03/29/2012,11:29:18.140,2745.25,2746.5,2743,2743,2747.63
148,03/29/2012,11:37:29.100,2742.75,2747,2740.5,2740.5,2745.23
149,03/29/2012,11:59:11.230,2740.25,2740.5,2738,2738,2742.1
150,03/29/2012,11:59:33.176,2737.75,2759.75,2737,2759.75,2743.48
151,03/29/2012,15:16:24.100,2760,2762.25,2755.75,2762.25,2749.27
152,03/29/2012,15:50:20.200,2762.5,2768,2754.5,2768,2757.29
153,03/30/2012,03:16:42.000,2768.25,2770.5,2763,2770.5,2763.79
154,03/30/2012,05:36:29.520,2770.75,2773,2770.75,2773,2767.73
155,03/30/2012,05:41:44.490,2773.25,2773.25,2755.5,2755.5,2768.1
156,03/30/2012,10:00:03.150,2755.25,2759.25,2753,2753,2763.79
157,03/30/2012,10:15:22.101,2752.75,2754.75,2750.5,2750.5,2757.21
158,03/30/2012,10:20:33.109,2750.25,2752,2748,2748,2752.27
159,03/30/2012,10:33:54.000,2747.75,2747.75,2745.5,2745.5,2749.44
160,03/30/2012,10:34:46.100,2745.25,2746.25,2743,2743,2746.85
161,03/30/2012,10:35:32.790,2742.75,2744.5,2740.5,2740.5,2744.35
162,03/30/2012,10:40:02.440,2740.25,2755.5,2740.25,2755.5,2744.77
163,03/30/2012,11:12:54.670,2755.75,2758,2754.5,2758,2748.83
164,03/30/2012,11:18:01.900,2758.25,2760,2752.25,2756,2753.69
165,03/30/2012,14:30:00.000,2756,2764.75,2749,2762.5,2757.08
166,04/01/2012,21:15:15.000,2762.5,2764.75,2752.5,2752.5,2757.58
167,04/02/2012,04:40:23.000,2752.25,2752.5,2750,2750,2755.77
168,04/02/2012,04:41:45.210,2749.75,2750.75,2747.5,2747.5,2752.71
169,04/02/2012,04:44:32.800,2747.25,2754.5,2745,2745,2749.33
170,04/02/2012,08:16:28.100,2744.75,2762.5,2743.5,2762.5,2750.04
171,04/02/2012,10:12:13.600,2762.75,2765,2756.75,2765,2754.54
172,04/02/2012,11:00:39.137,2765.25,2767.5,2761.5,2767.5,2760.38
173,04/02/2012,11:15:32.210,2767.75,2770,2766.5,2769.75,2765.44
174,04/02/2012,11:26:51.100,2770.25,2772.5,2768.75,2772.5,2768.31
175,04/02/2012,11:47:45.100,2772.75,2775,2772.5,2775,2771.1
176,04/02/2012,11:49:45.270,2775.25,2777.5,2774.5,2777.5,2773.67
177,04/02/2012,12:02:04.160,2777.75,2780,2776.75,2780,2776.21
178,04/02/2012,12:07:09.520,2780.25,2782.25,2776.5,2781,2778.27
179,04/02/2012,14:30:01.000,2781,2786.25,2771.75,2786.25,2779.98
180,04/03/2012,09:35:58.360,2786.5,2788.75,2779.75,2788.75,2782.42
181,04/03/2012,10:07:24.900,2789,2791.25,2780.75,2791.25,2785.1
182,04/03/2012,11:00:01.100,2791.5,2791.5,2773.75,2773.75,2785.54
183,04/03/2012,12:06:26.170,2773.5,2774.25,2771.25,2771.25,2781.08
184,04/03/2012,12:10:31.280,2771,2772,2768.75,2768.75,2775.1
185,04/03/2012,12:13:55.600,2768.5,2780.75,2763.25,2763.25,2770.54
186,04/03/2012,14:40:10.100,2763,2780.75,2763,2780.75,2770.31
187,04/03/2012,16:00:41.250,2781,2781,2763.5,2763.5,2771.02
188,04/04/2012,03:31:56.260,2763.25,2767.75,2761,2761,2769.13
189,04/04/2012,04:52:18.210,2760.75,2761,2758.5,2758.5,2765.06
190,04/04/2012,05:18:31.000,2758.25,2763.75,2756,2756,2760.48
191,04/04/2012,07:05:29.110,2755.75,2763.25,2753.5,2753.5,2758.23
192,04/04/2012,09:31:48.900,2753.25,2758.5,2751,2758.5,2756.77
193,04/04/2012,09:38:20.640,2758.75,2759.5,2748.5,2748.5,2755.21
194,04/04/2012,10:10:00.680,2748.25,2748.75,2746,2746,2752.13
195,04/04/2012,10:10:22.160,2745.75,2747,2743.5,2743.5,2748.67
196,04/04/2012,10:16:50.000,2743.25,2745.5,2741,2741,2744.96
197,04/04/2012,10:25:14.620,2740.75,2745.25,2738.5,2738.5,2742.79
198,04/04/2012,10:47:06.000,2738.25,2740.5,2736,2736,2740.38
199,04/04/2012,10:51:13.000,2735.75,2736,2733.5,2733.5,2737.71
200,04/04/2012,10:51:46.180,2733.25,2734.5,2731,2731,2734.94
201,04/04/2012,10:56:42.310,2730.75,2737.5,2728.5,2728.5,2732.81
202,04/04/2012,13:04:54.670,2728.25,2730.5,2726,2726,2730.48
203,04/04/2012,13:27:41.000,2725.75,2739,2724.75,2739,2730.38
204,04/04/2012,15:12:50.310,2739.25,2741.5,2737.25,2741.5,2733.23
205,04/04/2012,15:30:57.000,2741.75,2744,2741.5,2744,2738.27
206,04/04/2012,15:35:06.000,2744.25,2746,2726.5,2726.5,2739.5
207,04/05/2012,05:39:56.120,2726.25,2727.75,2724,2724,2734.71
208,04/05/2012,05:45:12.350,2723.75,2744,2722.5,2744,2731.63
209,04/05/2012,10:39:58.400,2744.25,2746.5,2744.25,2746.5,2734.81
210,04/05/2012,10:41:30.390,2746.75,2749,2746,2749,2742.21
211,04/05/2012,10:49:42.160,2749.25,2751.5,2747,2751.5,2747.63
212,04/05/2012,10:59:53.270,2751.75,2754,2750.5,2754,2750.02
213,04/05/2012,11:08:19.100,2754.25,2756.5,2751.5,2756.5,2752.35
214,04/05/2012,11:58:57.700,2756.75,2759,2756,2759,2754.98
215,04/05/2012,12:05:55.240,2759.25,2761.25,2750,2750,2755.83
216,04/06/2012,08:30:00.620,2749.75,2752.25,2747.5,2747.5,2754.02
217,04/06/2012,08:30:01.200,2747.25,2747.75,2745,2745,2750.21
218,04/06/2012,08:30:04.120,2744.75,2745,2742.5,2743,2746.44
219,04/06/2012,08:30:08.200,2742.25,2743.5,2740,2740,2743.83
220,04/06/2012,08:30:18.110,2739.75,2741.5,2737.5,2737.5,2741.44
221,04/06/2012,08:31:44.300,2737.25,2737.25,2735,2735,2738.88
222,04/06/2012,08:31:56.800,2734.75,2735.75,2732.5,2732.5,2736.35
223,04/06/2012,08:32:07.160,2732.25,2737,2730,2730,2734.1
224,04/06/2012,08:42:52.100,2729.5,2729.75,2727.5,2727.75,2731.6
225,04/06/2012,08:42:58.200,2727.25,2730.75,2725,2725,2729.31
226,04/06/2012,08:44:15.210,2724.75,2729.75,2722.5,2722.5,2726.83
227,04/06/2012,08:56:23.120,2722.25,2727,2720,2720,2724.73
228,04/06/2012,09:07:46.800,2719.75,2730.5,2719,2730.5,2724.04
229,04/09/2012,09:36:15.100,2730.75,2733,2718.75,2733,2725.38
230,04/09/2012,10:23:53.130,2733.25,2735.5,2732.25,2735.5,2729.31
231,04/09/2012,10:25:03.540,2735.75,2738,2733,2738,2733.06
232,04/09/2012,10:47:13.000,2738.25,2740.5,2738.25,2740.5,2736.56
233,04/09/2012,10:50:07.130,2740.75,2745.5,2730.75,2743.75,2738.58
234,04/09/2012,14:30:00.000,2744,2748,2734,2734,2739.85
235,04/09/2012,16:01:46.250,2733.75,2734.5,2731.5,2731.5,2737.67
236,04/09/2012,16:04:45.600,2731.25,2733.5,2729,2729.25,2734.52
237,04/09/2012,16:14:59.300,2728.75,2745.75,2727.75,2745.75,2733.52
238,04/10/2012,10:01:29.310,2746,2746,2723.25,2723.25,2734.13
239,04/10/2012,11:47:15.250,2723,2724.5,2720.75,2720.75,2731.29
240,04/10/2012,11:51:01.860,2720.5,2721,2718.25,2718.25,2725.46
241,04/10/2012,11:51:28.180,2718,2718.5,2715.75,2715.75,2719.58
242,04/10/2012,11:51:39.109,2715.5,2716.5,2713.25,2713.25,2717.04
243,04/10/2012,11:53:29.600,2713,2714,2710.75,2710.75,2714.58
244,04/10/2012,11:54:28.279,2710.5,2711.25,2708.25,2708.25,2712.1
245,04/10/2012,11:56:48.360,2708,2712.75,2705.75,2705.75,2709.92
246,04/10/2012,12:06:47.690,2705.5,2706.75,2703.25,2703.25,2707.44
247,04/10/2012,12:08:18.340,2703,2704.25,2700.75,2700.75,2704.98
248,04/10/2012,12:10:13.200,2700.5,2701,2698.25,2698.25,2702.13
249,04/10/2012,12:10:17.470,2698,2699,2695.75,2695.75,2699.6
250,04/10/2012,12:11:06.900,2695.5,2696.5,2693.25,2693.25,2697.08
251,04/10/2012,12:11:30.140,2693,2706.25,2688,2688,2695.19
252,04/10/2012,14:34:11.340,2687.75,2692.5,2685.5,2685.5,2692.08
253,04/10/2012,14:39:14.700,2685.25,2703,2684.25,2703,2691.83
254,04/10/2012,19:14:32.900,2703.25,2704.25,2701.25,2703.75,2694.94
255,04/10/2012,21:15:20.000,2703.75,2711.25,2698.5,2711.25,2701.06
256,04/11/2012,05:44:09.000,2711.5,2713.75,2710.5,2713.75,2707.23
257,04/11/2012,05:54:05.000,2714,2716.25,2713.75,2716.25,2711.21
258,04/11/2012,06:01:52.400,2716.5,2718.75,2713.25,2718.75,2714.75
259,04/11/2012,07:27:48.000,2719,2721.25,2706.25,2721.25,2716.27
260,04/11/2012,10:30:27.265,2721.5,2723.75,2716.25,2716.25,2717.73
261,04/11/2012,11:22:07.160,2716,2718.75,2708.75,2708.75,2716.48
262,04/11/2012,12:04:57.000,2708.5,2713.75,2706.25,2713.75,2714.35
263,04/11/2012,12:17:12.180,2714,2715.25,2705,2707.75,2711.38
264,04/11/2012,14:30:00.000,2708,2708.25,2700.5,2700.5,2708.46
265,04/11/2012,14:33:20.252,2700.25,2712.25,2698.75,2705,2706.29
266,04/11/2012,21:16:32.000,2705.25,2717.75,2705,2717.75,2706.6
267,04/12/2012,02:11:19.760,2718,2720.25,2715.25,2720.25,2711.31
268,04/12/2012,03:15:03.230,2720.5,2725.25,2706.5,2725.25,2716.42
269,04/12/2012,09:55:16.180,2725.5,2727.75,2719,2727.75,2720.94
270,04/12/2012,10:27:28.180,2728,2730.25,2726.75,2730.25,2724.4
271,04/12/2012,10:34:01.000,2730.5,2732.75,2730.25,2732.75,2728.46
272,04/12/2012,10:35:09.223,2733,2735.25,2731.75,2735.25,2731.4
273,04/12/2012,10:37:40.320,2735.5,2737.75,2734.25,2737.75,2733.9
274,04/12/2012,10:49:08.120,2738,2742.75,2725.75,2726,2734.42
275,04/13/2012,04:30:00.500,2725.75,2737,2723.5,2723.5,2732.29
276,04/13/2012,09:33:18.100,2723.25,2724.75,2721,2721,2727.69
277,04/13/2012,09:34:05.410,2720.75,2722.5,2718.5,2718.5,2723.33
278,04/13/2012,09:37:19.210,2718.25,2718.75,2716,2716,2719.94
279,04/13/2012,09:39:52.170,2715.75,2726.75,2711,2711,2717.81
280,04/13/2012,10:19:53.115,2710.75,2712.75,2708.5,2708.5,2714.5
281,04/13/2012,10:24:57.000,2708.25,2708.25,2706,2706,2711.13
282,04/13/2012,10:26:11.700,2705.75,2707.25,2703.5,2703.5,2707.42
283,04/13/2012,10:33:50.286,2703.25,2704.25,2701,2701,2704.83
284,04/13/2012,10:35:38.220,2700.75,2701,2698.5,2698.5,2702.35
285,04/13/2012,10:37:08.600,2698.25,2704.25,2696,2696,2700.23
286,04/13/2012,10:48:31.190,2695.75,2711.75,2694,2703.75,2699.88
287,04/13/2012,14:30:00.000,2704,2710,2694,2694,2700.15
288,04/13/2012,15:59:10.600,2693.75,2698,2691.5,2691.5,2698.5
289,04/13/2012,16:14:58.400,2691.25,2691.75,2691,2691.75,2695.21
290,04/15/2012,00:11:22.000,2691.75,2695.75,2687.25,2687.25,2691.88
291,04/15/2012,19:35:19.300,2687,2692.5,2684.75,2684.75,2689.73
292,04/15/2012,20:58:20.700,2684.5,2684.5,2682.25,2682.25,2687.04
293,04/15/2012,20:58:20.840,2682,2695.5,2682,2695.5,2686.46
294,04/16/2012,03:32:09.160,2695.75,2698,2689.75,2698,2689.17
295,04/16/2012,04:59:28.000,2698.25,2700.5,2695.5,2700.5,2694.27
296,04/16/2012,05:50:30.000,2700.75,2703,2700.5,2703,2698.63
297,04/16/2012,06:00:22.110,2703.25,2705.5,2695.25,2705.5,2700.96
298,04/16/2012,08:35:02.000,2705.75,2708,2705.5,2708,2703.67
299,04/16/2012,08:38:04.900,2708.25,2710,2690.5,2690.5,2703
300,04/16/2012,09:46:58.280,2690.25,2692.5,2688,2688,2698.77
301,04/16/2012,09:50:34.300,2687.75,2688,2685.5,2685.5,2692.06
302,04/16/2012,09:50:41.660,2685.25,2685.5,2683,2683,2686.85
303,04/16/2012,09:51:07.400,2682.75,2683.75,2680.5,2680.5,2684.25
304,04/16/2012,09:51:25.247,2680.25,2681.75,2678,2678,2681.85
305,04/16/2012,09:51:33.740,2677.75,2679.75,2675.5,2675.5,2679.5
306,04/16/2012,09:51:51.600,2675.25,2675.5,2673,2673,2676.94
307,04/16/2012,09:51:54.780,2672.75,2677.75,2670.5,2670.5,2674.73
308,04/16/2012,09:55:17.420,2670.25,2671.25,2668,2668,2672.15
309,04/16/2012,09:55:41.650,2667.75,2668.25,2665.5,2665.5,2669.67
310,04/16/2012,09:55:51.670,2665.25,2673.25,2663,2663,2667.42
311,04/16/2012,10:12:00.720,2662.75,2667,2660.5,2660.5,2665.19
312,04/16/2012,10:16:55.280,2660.25,2660.5,2658,2658,2662.67
313,04/16/2012,10:17:17.200,2657.75,2675.5,2656.5,2675.5,2662.73
314,04/16/2012,10:49:03.000,2675.75,2680.25,2660.25,2680.25,2666.54
315,04/16/2012,14:51:08.600,2680.5,2681,2654.25,2679,2671.38
316,04/17/2012,08:45:57.280,2679.25,2681.5,2672.25,2681.5,2675.48
317,04/17/2012,09:37:44.400,2681.75,2684,2681,2684,2678.33
318,04/17/2012,09:40:43.650,2684.25,2686.5,2682.5,2686.5,2682.08
319,04/17/2012,09:42:36.130,2686.75,2689,2684.5,2689,2684.98
320,04/17/2012,09:50:34.470,2689.25,2691.5,2689,2691.5,2687.52
321,04/17/2012,09:51:42.100,2691.75,2694,2685.5,2694,2689.65
322,04/17/2012,10:12:01.130,2694.25,2696.5,2693,2696.5,2692.23
323,04/17/2012,10:17:13.340,2696.75,2699,2695.75,2699,2694.67
324,04/17/2012,10:22:21.000,2699.25,2701.5,2694.75,2701.5,2697.31
325,04/17/2012,10:48:16.260,2701.75,2704,2700,2704,2699.77
326,04/17/2012,11:00:21.190,2704.25,2706.5,2704.25,2706.5,2702.35
327,04/17/2012,11:01:04.130,2706.75,2709,2706,2709,2705.17
328,04/17/2012,11:07:29.000,2709.25,2711.5,2705.75,2711.5,2707.52
329,04/17/2012,12:08:30.350,2711.75,2714,2710,2714,2709.88
330,04/17/2012,12:22:43.470,2714.25,2716.5,2713.25,2716.5,2712.35
331,04/17/2012,12:33:04.390,2716.75,2719,2716,2719,2715.08
332,04/17/2012,12:37:14.230,2719.25,2721.5,2715.75,2721.5,2717.44
333,04/17/2012,13:33:06.240,2721.75,2724,2719.25,2724,2719.81
334,04/17/2012,14:21:15.000,2724.25,2725.5,2723.75,2724.5,2722.08
335,04/17/2012,14:30:00.000,2724.25,2728.25,2714.25,2714.25,2722.33
336,04/17/2012,16:10:47.340,2714,2720.5,2711,2711,2719.63
337,04/18/2012,03:30:39.400,2710.75,2717.5,2708.5,2708.5,2715.23
338,04/18/2012,06:54:03.900,2708.25,2709.25,2706,2706,2710.94
339,04/18/2012,07:02:04.000,2705.75,2707,2703.5,2703.5,2707.88
340,04/18/2012,07:36:24.000,2703.25,2721,2702,2721,2708.04
341,04/18/2012,09:49:35.470,2721.25,2723.5,2717.5,2723.5,2712.73
342,04/18/2012,10:16:13.200,2723.75,2724.75,2703.75,2723.5,2717.4
343,04/18/2012,14:25:33.000,2723.75,2724,2720.5,2721.25,2720.92
344,04/18/2012,14:30:00.000,2721.25,2728.25,2713.75,2713.75,2720.19
345,04/18/2012,15:52:58.100,2713.5,2715.5,2711.25,2711.25,2718.17
346,04/18/2012,16:00:01.800,2711,2712,2708.75,2708.75,2714.08
347,04/18/2012,16:00:43.170,2708.5,2710.25,2706.25,2706.25,2710.27
348,04/18/2012,16:02:13.240,2706,2706.25,2703.75,2703.75,2707.63
349,04/18/2012,16:02:51.000,2703.5,2704.5,2701.25,2701.25,2705.13
350,04/18/2012,16:03:49.100,2701,2702.5,2698.75,2698.75,2702.6
351,04/18/2012,16:05:12.000,2698.5,2700.25,2696.25,2696.25,2700.23
352,04/18/2012,16:08:18.910,2696,2714.25,2694.5,2714.25,2700.94
353,04/19/2012,03:10:44.000,2714.5,2716.75,2709.5,2716.75,2705.65
354,04/19/2012,04:40:15.140,2717,2719.25,2711.75,2711.75,2711.35
355,04/19/2012,04:49:48.100,2711.5,2719,2695,2716.5,2713.27
356,04/19/2012,09:43:22.380,2717,2719.25,2715,2719.25,2714.35
357,04/19/2012,09:47:28.000,2719.5,2721.75,2719.25,2721.75,2716.23
358,04/19/2012,09:48:37.120,2722,2723.25,2704.25,2704.25,2717.21
359,04/19/2012,10:04:44.850,2704,2721.75,2703.75,2721.75,2715.6
360,04/19/2012,10:32:20.100,2722,2724.25,2721,2724.25,2716.38
361,04/19/2012,10:33:04.590,2724.5,2726.75,2724.5,2726.75,2720.44
362,04/19/2012,10:33:14.230,2727,2729.25,2725.5,2729.25,2725.42
363,04/19/2012,10:35:28.182,2729.5,2731.75,2728,2731.75,2727.88
364,04/19/2012,10:37:04.190,2732,2734.25,2730.25,2734.25,2730.23
365,04/19/2012,10:41:37.120,2734.5,2735,2716.75,2716.75,2729.56
366,04/19/2012,11:30:39.300,2716.5,2718,2714.25,2714.25,2724.73
367,04/19/2012,11:32:15.280,2714,2714.5,2711.75,2711.75,2718.17
368,04/19/2012,11:33:45.590,2711.5,2721,2709.25,2709.25,2713.83
369,04/19/2012,12:03:11.900,2709,2710,2706.75,2706.75,2711.29
370,04/19/2012,12:05:06.400,2706.5,2706.75,2704.25,2704.25,2708.77
371,04/19/2012,12:07:04.000,2704,2707.75,2701.75,2701.75,2705.79
372,04/19/2012,12:27:47.600,2701.5,2702.5,2699.25,2699.25,2703.29
373,04/19/2012,12:30:08.210,2699,2705.25,2696.75,2696.75,2701.29
374,04/19/2012,13:00:06.240,2696.5,2702.25,2694.25,2694.25,2698.96
375,04/19/2012,13:20:53.850,2694,2694.5,2691.75,2691.75,2696.42
376,04/19/2012,13:22:32.900,2691.5,2702.75,2686.75,2686.75,2693.92
377,04/19/2012,14:12:11.650,2686.5,2688.75,2684.25,2684.25,2690.29
378,04/19/2012,14:18:19.000,2684,2687.25,2681.75,2681.75,2687.19
379,04/19/2012,14:26:51.500,2681.5,2682.75,2679.25,2679.75,2683.48
380,04/19/2012,14:30:00.000,2679.75,2680.75,2672.25,2672.25,2680.25
381,04/19/2012,14:35:39.150,2672,2689.75,2671.5,2685.25,2678.9
382,04/19/2012,21:15:00.000,2686,2693.5,2682.5,2693.5,2681.58
383,04/20/2012,06:04:32.430,2693.75,2696,2693,2696,2687.73
384,04/20/2012,06:07:53.000,2696.25,2698.5,2691.25,2698.5,2693.23
385,04/20/2012,08:04:48.210,2698.75,2701,2686.25,2701,2695.85
386,04/20/2012,09:53:29.199,2701.25,2703.5,2695.25,2703.5,2697.92
387,04/20/2012,09:59:52.600,2703.75,2706,2697,2706,2700.27
388,04/20/2012,10:15:11.800,2706.25,2708,2688.5,2688.5,2700.63
389,04/20/2012,13:28:59.300,2688.25,2689.75,2686,2686,2696.17
390,04/20/2012,13:53:26.120,2685.75,2686,2683.5,2683.5,2690
391,04/20/2012,13:53:55.182,2683.25,2686,2681,2681,2685
392,04/20/2012,14:09:39.520,2680.75,2687.25,2676.5,2676.5,2682.58
393,04/20/2012,14:58:22.000,2676.25,2680,2674,2674,2679.71
394,04/20/2012,15:10:36.300,2673.75,2679.5,2671.5,2671.5,2676.79
395,04/20/2012,15:45:44.300,2671.25,2676,2669.75,2674,2674.29
396,04/22/2012,12:24:56.000,2674,2675,2666.5,2670.5,2672.77
397,04/22/2012,21:15:01.000,2670.5,2672,2663,2663,2670.46
398,04/23/2012,03:01:55.500,2662.75,2663.25,2660.5,2660.5,2666.79
399,04/23/2012,03:05:19.500,2660.25,2661.75,2658,2658,2662.79
400,04/23/2012,03:15:21.220,2657.75,2662.25,2655.5,2655.5,2659.67
401,04/23/2012,04:00:57.000,2655.25,2656,2653,2653.25,2657.21
402,04/23/2012,04:02:32.000,2652.75,2657,2650.5,2650.5,2654.94
403,04/23/2012,05:22:53.600,2650.25,2653.5,2648,2648,2652.33
404,04/23/2012,07:04:47.100,2647.75,2655,2645.5,2645.5,2650.35
405,04/23/2012,09:30:40.470,2645.25,2645.5,2643,2643,2647.52
406,04/23/2012,09:31:06.400,2642.75,2647,2640.5,2640.5,2645.1
407,04/23/2012,09:33:40.370,2640.25,2653,2638,2638,2643.06
408,04/23/2012,09:56:22.500,2637.75,2643,2635.5,2635.5,2640.98
409,04/23/2012,10:05:11.420,2635.25,2636.75,2633,2633,2638.25
410,04/23/2012,10:06:54.320,2632.75,2643,2628,2628,2635.13
411,04/23/2012,10:42:00.160,2627.75,2631.5,2625.5,2625.5,2631.67
412,04/23/2012,10:46:27.140,2625.25,2643,2625,2643,2631.52
413,04/23/2012,12:09:23.200,2643.25,2645.5,2640.75,2645.5,2635.13
414,04/23/2012,12:27:04.110,2645.75,2648,2644.75,2648,2641.48
415,04/23/2012,12:36:04.700,2648.25,2650.5,2638,2650.5,2645.73
416,04/23/2012,14:20:39.750,2650.75,2652.75,2648,2649.75,2647.92
417,04/23/2012,14:30:02.000,2649.75,2657,2644,2654.75,2649.5
418,04/23/2012,21:15:00.000,2654.75,2662.25,2651.5,2662.25,2653.13
419,04/24/2012,04:23:27.500,2662.5,2664.75,2659.25,2664.75,2657.29
420,04/24/2012,05:20:05.400,2665,2666,2647.25,2647.25,2658.96
421,04/24/2012,08:41:54.600,2647,2648.75,2644.75,2644.75,2655.17
422,04/24/2012,08:54:44.130,2644.5,2645.75,2642.25,2642.25,2648.79
423,04/24/2012,09:00:27.220,2642,2650,2639.75,2639.75,2644.29
424,04/24/2012,09:41:19.300,2639.5,2655.5,2638.25,2639.75,2643.27
425,04/24/2012,11:09:11.000,2639.5,2650,2637.25,2637.25,2642.38
426,04/24/2012,12:23:02.320,2637,2640.5,2634.75,2634.75,2640.33
427,04/24/2012,12:39:24.200,2634.5,2636.25,2632.25,2632.25,2637.19
428,04/24/2012,12:42:14.100,2632,2634.75,2629.75,2629.75,2634.04
429,04/24/2012,13:41:11.000,2629.5,2632,2627.25,2627.25,2631.46
430,04/24/2012,13:55:15.220,2627,2628.5,2624.75,2627,2629.13
431,04/24/2012,14:30:00.000,2627,2637,2626.5,2637,2629.23
432,04/24/2012,15:35:40.000,2637.25,2639.5,2631,2639.5,2631.83
433,04/24/2012,16:01:02.171,2639.75,2642,2629,2642,2635.63
434,04/24/2012,16:30:00.150,2642.5,2644.5,2636,2644.5,2638.96
435,04/24/2012,16:30:04.350,2645,2647,2640,2647,2641.6
436,04/24/2012,16:30:07.700,2647.25,2649.5,2646,2649.5,2644.9
437,04/24/2012,16:30:08.180,2649.75,2652,2645,2652,2647.5
438,04/24/2012,16:30:20.220,2652.25,2653,2637,2637,2647.52
439,04/24/2012,16:30:29.230,2636.75,2636.75,2634.5,2634.5,2643.38
440,04/24/2012,16:30:29.260,2633.5,2652,2632.5,2651.75,2640.96
441,04/24/2012,16:30:56.200,2652.25,2654.5,2652,2654.5,2643.79
442,04/24/2012,16:30:57.260,2654.75,2657,2650.25,2657,2650.17
443,04/24/2012,16:33:43.100,2657.25,2659.5,2656,2659.5,2655.38
444,04/24/2012,16:35:22.140,2659.75,2662,2659.25,2662,2657.85
445,04/24/2012,16:35:44.900,2662.25,2664.5,2661.75,2664.5,2660.69
446,04/24/2012,16:36:20.200,2664.75,2667,2663.75,2667,2663.21
447,04/24/2012,16:37:17.800,2667.25,2669.5,2662.75,2669.5,2665.38
448,04/24/2012,16:45:05.100,2669.75,2672,2668.25,2672,2667.79
449,04/24/2012,16:48:37.700,2672.25,2674.5,2670.25,2674.5,2670.21
450,04/24/2012,16:52:45.300,2674.75,2677.75,2665.25,2677.75,2672.42
451,04/25/2012,04:05:23.000,2678,2680.25,2677.5,2680.25,2675.25
452,04/25/2012,04:09:26.250,2680.5,2682.75,2679.75,2682.5,2678.08
453,04/25/2012,04:24:54.000,2683,2685.25,2679,2685.25,2681.17
454,04/25/2012,07:08:04.000,2685.5,2687.75,2683.5,2687.75,2683.54
455,04/25/2012,08:15:47.000,2688,2690.25,2681.5,2690.25,2685.58
456,04/25/2012,09:30:00.860,2690.5,2692.75,2686,2692.75,2688.04
457,04/25/2012,09:32:16.300,2693,2695.25,2687.5,2695.25,2690.25
458,04/25/2012,09:44:23.500,2695.5,2697.75,2695.25,2697.75,2693.27
459,04/25/2012,09:45:04.350,2698,2700.25,2698,2700.25,2696.15
460,04/25/2012,09:46:29.200,2700.5,2702.75,2698,2702.75,2698.9
461,04/25/2012,09:50:25.109,2703,2705.25,2702.75,2705.25,2701.4
462,04/25/2012,09:51:11.240,2705.5,2712.5,2691.25,2712.5,2703.5
463,04/26/2012,03:30:10.000,2712.75,2713.75,2695,2702.5,2705.17
464,04/26/2012,09:26:47.100,2702.75,2710,2702,2710,2705.88
465,04/26/2012,09:38:59.260,2710.25,2712.5,2710,2712.5,2707.83
466,04/26/2012,09:40:09.202,2712.75,2717.5,2701,2717.5,2709.9
467,04/26/2012,13:58:07.180,2717.75,2720,2717.5,2720,2714.1
468,04/26/2012,13:59:16.200,2720.25,2722.5,2718,2722.5,2717.27
469,04/26/2012,14:24:31.000,2722.75,2723.5,2721.25,2722.5,2720.71
470,04/26/2012,14:30:00.000,2722.75,2729.75,2712,2712,2720.81
471,04/27/2012,03:01:47.800,2711.75,2711.75,2709.5,2709.5,2717.42
472,04/27/2012,03:01:58.100,2709.25,2727,2708.75,2727,2715.92
473,04/27/2012,07:00:20.000,2727.25,2729.5,2724.5,2729.5,2718.77
474,04/27/2012,07:55:23.130,2729.75,2732,2728.5,2732,2725.42
475,04/27/2012,08:13:15.330,2732.25,2737,2718.25,2737,2729.79
476,04/27/2012,11:35:04.240,2737.25,2739.5,2733.25,2739.5,2733.02
477,04/27/2012,13:05:26.000,2739.75,2742,2737.75,2742,2736.29
478,04/27/2012,13:34:23.240,2742.25,2744.5,2742.25,2744.5,2740.38
479,04/27/2012,13:37:32.790,2744.75,2746,2731.75,2738,2741.29
480,04/29/2012,00:11:58.000,2738,2744.25,2732.25,2732.25,2740.06
481,04/30/2012,07:23:47.000,2732,2733.25,2729.75,2729.75,2736
482,04/30/2012,07:51:53.320,2729.5,2730.75,2727.25,2727.25,2732.19
483,04/30/2012,07:58:29.200,2727,2734.25,2722.25,2722.25,2728.77
484,04/30/2012,09:56:19.460,2722,2723.25,2719.75,2719.75,2725.44
485,04/30/2012,09:59:32.300,2719.5,2726.75,2715.5,2718.25,2722.54
486,04/30/2012,21:15:16.000,2718.25,2724.75,2710.75,2710.75,2719.1
487,05/01/2012,09:31:58.640,2710.5,2728.25,2710.5,2728.25,2718.5
488,05/01/2012,09:42:03.100,2728.5,2730.75,2717.25,2730.75,2720.77
489,05/01/2012,10:02:52.200,2731,2733.25,2729.75,2733.25,2726
490,05/01/2012,10:05:19.250,2733.5,2735.75,2733.25,2735.75,2731.06
491,05/01/2012,10:06:43.800,2736,2738.25,2733.5,2738.25,2734.29
492,05/01/2012,10:14:40.690,2738.5,2740.75,2736.5,2740.75,2736.73
493,05/01/2012,10:19:43.126,2741,2743.25,2739.75,2743.25,2739.15
494,05/01/2012,10:22:06.400,2743.5,2745.75,2743.25,2745.75,2741.83
495,05/01/2012,10:23:05.520,2746,2748.25,2743,2748.25,2744.25
496,05/01/2012,11:48:14.580,2748.5,2750.75,2748.25,2750.75,2746.83
497,05/01/2012,11:48:54.112,2751,2753,2733.25,2733.25,2746.19
498,05/01/2012,14:25:34.000,2733,2737,2731.25,2736.75,2742.23
499,05/01/2012,14:30:00.000,2736.75,2740.5,2729.25,2729.25,2737.02