"Date","Price","Open","High","Low","Vol.","Change %"
"Nov 27, 2020","2,775.0","2,739.5","2,799.0","2,727.0","580.74K","1.76%"
"Nov 26, 2020","2,727.0","2,641.0","2,734.5","2,634.5","856.06K","3.57%"
"Nov 25, 2020","2,633.0","2,614.5","2,635.0","2,580.0","437.47K","0.80%"
"Nov 24, 2020","2,612.0","2,639.5","2,649.5","2,590.0","462.71K","-0.95%"
"Nov 23, 2020","2,637.0","2,673.5","2,709.0","2,606.0","527.78K","-1.42%"
"Nov 20, 2020","2,675.0","2,706.0","2,725.0","2,657.5","304.02K","-1.65%"
"Nov 19, 2020","2,720.0","2,746.5","2,747.0","2,700.0","221.26K","-0.33%"
"Nov 18, 2020","2,729.0","2,738.5","2,748.5","2,700.0","277.16K","-0.02%"
"Nov 17, 2020","2,729.5","2,772.0","2,784.0","2,703.0","217.96K","-1.53%"
"Nov 16, 2020","2,772.0","2,798.0","2,812.0","2,755.0","307.72K","-0.16%"
"Nov 13, 2020","2,776.5","2,800.0","2,810.0","2,740.0","182.40K","-0.29%"
"Nov 12, 2020","2,784.5","2,734.0","2,815.5","2,700.0","425.74K","1.87%"
"Nov 11, 2020","2,733.5","2,805.0","2,829.0","2,658.0","445.16K","-3.14%"
"Nov 10, 2020","2,822.0","2,861.0","2,875.0","2,774.5","280.22K","-0.67%"
"Nov 09, 2020","2,841.0","2,860.5","2,897.5","2,804.0","571.57K","-0.19%"
"Nov 06, 2020","2,846.5","2,819.0","2,866.5","2,804.0","233.18K","0.62%"
"Nov 05, 2020","2,829.0","2,855.0","2,890.5","2,804.5","528.37K","-0.39%"
"Nov 03, 2020","2,840.0","2,826.5","2,893.5","2,788.0","249.15K","-0.56%"
"Nov 02, 2020","2,856.0","2,788.0","2,878.0","2,729.0","185.30K","2.86%"
"Oct 30, 2020","2,776.5","2,775.0","2,820.0","2,701.0","192.84K","-0.16%"
"Oct 29, 2020","2,781.0","2,838.5","2,838.5","2,741.0","203.30K","-0.57%"
"Oct 28, 2020","2,797.0","2,829.5","2,847.5","2,701.5","442.73K","-0.97%"
"Oct 27, 2020","2,824.5","2,861.5","2,914.0","2,782.5","447.01K","-2.01%"
"Oct 26, 2020","2,882.5","2,999.0","3,087.0","2,840.5","398.25K","-3.74%"
"Oct 23, 2020","2,994.5","2,972.0","2,996.5","2,930.0","156.43K","0.86%"
"Oct 22, 2020","2,969.0","2,964.0","2,989.0","2,926.0","159.28K","0.15%"
"Oct 21, 2020","2,964.5","3,030.0","3,030.0","2,944.0","184.75K","-1.98%"
"Oct 20, 2020","3,024.5","3,119.5","3,134.5","3,001.0","147.06K","-3.03%"
"Oct 19, 2020","3,119.0","3,081.0","3,140.0","3,050.5","150.85K","1.60%"
"Oct 16, 2020","3,070.0","2,991.5","3,087.0","2,990.0","252.73K","2.16%"
"Oct 15, 2020","3,005.0","3,038.0","3,052.0","2,963.0","180.74K","-0.87%"
"Oct 14, 2020","3,031.5","2,897.5","3,036.5","2,884.5","235.82K","5.26%"
"Oct 13, 2020","2,880.0","2,939.5","2,988.0","2,873.0","169.87K","-2.54%"
"Oct 12, 2020","2,955.0","2,834.5","2,955.0","2,821.0","209.54K","4.60%"
"Oct 09, 2020","2,825.0","2,859.5","2,865.0","2,810.0","111.20K","-0.70%"
"Oct 08, 2020","2,845.0","2,881.0","2,905.0","2,834.0","77.16K","-0.82%"
"Oct 07, 2020","2,868.5","2,892.5","2,904.0","2,815.5","205.08K","-1.34%"
"Oct 06, 2020","2,907.5","2,930.0","2,937.5","2,880.0","115.10K","-0.26%"
"Oct 05, 2020","2,915.0","2,890.0","2,938.5","2,850.5","165.77K","1.57%"
"Oct 02, 2020","2,870.0","2,844.0","2,897.5","2,832.0","101.96K","1.00%"
"Oct 01, 2020","2,841.5","2,887.5","2,902.5","2,806.0","168.09K","-1.59%"
"Sep 30, 2020","2,887.5","2,928.5","2,947.0","2,870.5","129.66K","-1.69%"
"Sep 29, 2020","2,937.0","2,950.0","2,960.0","2,895.0","151.29K","-0.74%"
"Sep 28, 2020","2,959.0","2,982.5","3,015.0","2,921.0","159.01K","-0.20%"
"Sep 25, 2020","2,965.0","2,990.5","3,009.5","2,928.0","230.54K","-1.15%"
"Sep 24, 2020","2,999.5","2,979.0","3,031.0","2,947.0","304.52K","1.52%"
"Sep 23, 2020","2,954.5","2,901.0","3,050.0","2,870.0","379.36K","2.13%"
"Sep 22, 2020","2,893.0","2,824.0","2,960.0","2,824.0","235.83K","1.81%"
"Sep 21, 2020","2,841.5","2,828.0","2,850.0","2,806.0","253.88K","0.71%"
"Sep 18, 2020","2,821.5","2,810.0","2,861.0","2,786.0","303.26K","0.43%"
"Sep 17, 2020","2,809.5","2,662.0","2,826.0","2,662.0","505.70K","4.73%"
"Sep 16, 2020","2,682.5","2,699.5","2,727.0","2,643.0","222.13K","-0.54%"
"Sep 15, 2020","2,697.0","2,637.0","2,700.0","2,608.0","253.93K","2.82%"
"Sep 14, 2020","2,623.0","2,613.5","2,648.5","2,593.5","138.96K","0.98%"
"Sep 11, 2020","2,597.5","2,617.5","2,619.5","2,561.5","184.64K","-0.42%"
"Sep 10, 2020","2,608.5","2,591.0","2,620.5","2,585.0","109.95K","0.21%"
"Sep 09, 2020","2,603.0","2,675.0","2,700.0","2,585.0","173.17K","-2.98%"
"Sep 08, 2020","2,683.0","2,639.5","2,709.5","2,627.0","257.53K","1.65%"
"Sep 07, 2020","2,639.5","2,679.0","2,679.0","2,622.0","116.30K","-1.22%"
"Sep 04, 2020","2,672.0","2,663.5","2,694.0","2,623.0","110.15K","0.53%"
"Sep 03, 2020","2,658.0","2,684.5","2,684.5","2,626.5","146.98K","-0.11%"
"Sep 02, 2020","2,661.0","2,604.0","2,704.5","2,591.5","213.59K","1.49%"
"Sep 01, 2020","2,622.0","2,706.0","2,706.0","2,577.0","276.69K","-1.94%"
"Aug 31, 2020","2,674.0","2,724.5","2,750.0","2,663.0","369.25K","-1.44%"
"Aug 28, 2020","2,713.0","2,796.0","2,796.0","2,690.0","145.90K","-2.20%"
"Aug 27, 2020","2,774.0","2,840.0","2,840.0","2,766.0","167.81K","-2.22%"
"Aug 26, 2020","2,837.0","2,839.0","2,853.0","2,820.0","80.06K","-0.32%"
"Aug 25, 2020","2,846.0","2,868.5","2,884.5","2,821.0","69.24K","-0.70%"
"Aug 24, 2020","2,866.0","2,790.5","2,875.0","2,790.5","143.60K","2.72%"
"Aug 21, 2020","2,790.0","2,829.5","2,834.0","2,772.5","128.66K","-0.99%"
"Aug 20, 2020","2,818.0","2,807.0","2,830.0","2,788.0","68.43K","0.43%"
"Aug 19, 2020","2,806.0","2,829.0","2,882.0","2,795.0","205.92K","-0.50%"
"Aug 18, 2020","2,820.0","2,810.5","2,838.0","2,775.0","167.64K","-0.09%"
"Aug 17, 2020","2,822.5","2,838.0","2,838.0","2,785.5","129.27K","-0.19%"
"Aug 14, 2020","2,828.0","2,875.0","2,887.0","2,806.0","193.53K","-1.31%"
"Aug 13, 2020","2,865.5","2,804.5","2,889.0","2,804.5","363.87K","2.27%"
"Aug 12, 2020","2,802.0","2,818.5","2,840.0","2,751.0","221.02K","-0.46%"
"Aug 11, 2020","2,815.0","2,827.0","2,860.0","2,802.0","139.35K","-0.78%"
"Aug 10, 2020","2,837.0","2,840.5","2,877.5","2,804.0","95.03K","-0.26%"
"Aug 07, 2020","2,844.5","2,845.5","2,859.0","2,820.0","111.95K","-0.16%"
"Aug 06, 2020","2,849.0","2,839.5","2,850.0","2,812.0","99.07K","0.78%"
"Aug 05, 2020","2,827.0","2,827.0","2,838.5","2,797.0","177.71K","0.25%"
"Aug 04, 2020","2,820.0","2,805.0","2,822.5","2,770.0","106.68K","1.81%"
"Aug 03, 2020","2,770.0","2,780.0","2,829.5","2,601.0","92.58K","-0.36%"
"Jul 31, 2020","2,780.0","2,795.5","2,824.5","2,772.5","88.17K","-0.36%"
"Jul 30, 2020","2,790.0","2,850.0","2,875.0","2,770.0","147.70K","-1.74%"
"Jul 29, 2020","2,839.5","2,870.0","2,870.0","2,794.5","175.36K","-1.03%"
"Jul 28, 2020","2,869.0","2,760.5","2,869.0","2,760.5","201.65K","3.20%"
"Jul 27, 2020","2,780.0","2,790.0","2,798.0","2,760.0","144.78K","-0.36%"
"Jul 24, 2020","2,790.0","2,777.5","2,796.5","2,720.5","168.91K","0.36%"
"Jul 23, 2020","2,780.0","2,727.5","2,785.0","2,713.5","138.17K","2.62%"
"Jul 22, 2020","2,709.0","2,661.0","2,739.5","2,640.5","257.00K","2.05%"
"Jul 21, 2020","2,654.5","2,520.0","2,665.0","2,520.0","342.77K","5.42%"
"Jul 20, 2020","2,518.0","2,521.0","2,521.0","2,475.0","215.43K","-0.14%"
"Jul 17, 2020","2,521.5","2,544.5","2,564.0","2,504.5","192.04K","-0.77%"
"Jul 16, 2020","2,541.0","2,502.5","2,541.0","2,444.0","177.85K","1.93%"
"Jul 15, 2020","2,493.0","2,491.0","2,505.5","2,455.5","180.08K","0.73%"
"Jul 14, 2020","2,475.0","2,497.5","2,507.0","2,430.5","196.73K","-1.37%"
"Jul 13, 2020","2,509.5","2,536.5","2,578.0","2,474.0","119.70K","-1.57%"
"Jul 10, 2020","2,549.5","2,508.5","2,549.5","2,460.0","154.92K","1.61%"
"Jul 09, 2020","2,509.0","2,558.5","2,558.5","2,461.5","347.30K","-1.12%"
"Jul 08, 2020","2,537.5","2,615.0","2,615.0","2,523.0","182.07K","-2.72%"
"Jul 07, 2020","2,608.5","2,601.5","2,679.0","2,587.5","263.49K","0.08%"
"Jul 06, 2020","2,606.5","2,571.0","2,660.0","2,545.0","219.49K","1.58%"
"Jul 03, 2020","2,566.0","2,515.0","2,576.5","2,500.0","86.70K","2.13%"
"Jul 02, 2020","2,512.5","2,502.5","2,535.0","2,502.5","156.59K","0.42%"
"Jun 30, 2020","2,502.0","2,494.0","2,564.0","2,490.0","236.28K","-0.64%"
"Jun 29, 2020","2,518.0","2,486.0","2,540.0","2,460.5","220.67K","1.45%"
"Jun 26, 2020","2,482.0","2,420.0","2,492.0","2,420.0","306.02K","2.60%"
"Jun 25, 2020","2,419.0","2,343.0","2,429.0","2,343.0","345.11K","2.11%"
"Jun 23, 2020","2,369.0","2,341.5","2,375.0","2,325.0","189.63K","0.77%"
"Jun 22, 2020","2,351.0","2,276.5","2,362.5","2,222.0","335.49K","3.00%"
"Jun 19, 2020","2,282.5","2,270.5","2,289.5","2,235.5","252.95K","0.68%"
"Jun 18, 2020","2,267.0","2,250.5","2,289.0","2,232.0","391.76K","0.31%"
"Jun 17, 2020","2,260.0","2,300.5","2,337.0","2,260.0","183.62K","-2.61%"
"Jun 16, 2020","2,320.5","2,350.0","2,369.5","2,305.0","265.09K","-0.39%"
"Jun 15, 2020","2,329.5","2,352.0","2,398.0","2,280.0","473.64K","-0.66%"
"Jun 11, 2020","2,345.0","2,175.0","2,421.0","2,166.0","1.23M","7.15%"
"Jun 10, 2020","2,188.5","2,075.0","2,204.5","2,070.5","999.62K","5.70%"
"Jun 09, 2020","2,070.5","2,123.0","2,130.5","2,052.0","377.21K","-2.33%"
"Jun 08, 2020","2,120.0","2,130.0","2,140.0","2,105.5","268.79K","-0.28%"
"Jun 05, 2020","2,126.0","2,137.0","2,154.0","2,093.5","290.14K","0.05%"
"Jun 04, 2020","2,125.0","2,162.5","2,162.5","2,100.0","270.78K","-1.76%"
"Jun 03, 2020","2,163.0","2,180.5","2,185.0","2,131.5","297.99K","-0.78%"
"Jun 02, 2020","2,180.0","2,119.0","2,180.0","2,106.5","297.03K","3.64%"
"Jun 01, 2020","2,103.5","2,037.0","2,128.0","2,037.0","313.65K","0.69%"
"May 29, 2020","2,089.0","2,190.0","2,190.0","2,080.0","936.93K","-4.59%"
"May 28, 2020","2,189.5","2,149.0","2,195.0","2,135.0","352.14K","-2.21%"
"May 27, 2020","2,239.0","2,236.0","2,239.0","2,193.0","428.54K","0.67%"
"May 26, 2020","2,224.0","2,250.0","2,254.0","2,207.0","409.14K","-0.58%"
"May 25, 2020","2,237.0","2,204.0","2,248.0","2,200.0","149.96K","2.03%"
"May 22, 2020","2,192.5","2,186.0","2,209.0","2,182.0","226.22K","-0.66%"
"May 21, 2020","2,207.0","2,188.5","2,207.0","2,171.5","250.40K","1.17%"
"May 20, 2020","2,181.5","2,187.0","2,206.0","2,170.5","325.84K","-0.23%"
"May 19, 2020","2,186.5","2,220.5","2,225.5","2,167.5","220.56K","-1.15%"
"May 18, 2020","2,212.0","2,161.5","2,212.0","2,161.5","185.84K","2.84%"
"May 15, 2020","2,151.0","2,222.0","2,245.5","2,151.0","245.97K","-2.93%"
"May 14, 2020","2,216.0","2,215.0","2,227.5","2,176.5","252.42K","-0.05%"
"May 13, 2020","2,217.0","2,215.5","2,235.0","2,175.5","156.84K","0.09%"
"May 12, 2020","2,215.0","2,225.5","2,258.5","2,206.0","152.66K","-0.54%"
"May 08, 2020","2,227.0","2,260.0","2,270.0","2,218.5","146.57K","-0.49%"
"May 07, 2020","2,238.0","2,164.0","2,240.0","2,146.0","311.43K","3.44%"
"May 06, 2020","2,163.5","2,192.5","2,192.5","2,138.0","212.35K","-0.96%"
"May 05, 2020","2,184.5","2,222.0","2,237.0","2,182.0","125.20K","-1.02%"
"May 04, 2020","2,207.0","2,178.0","2,225.0","2,159.5","250.90K","0.30%"
"Apr 30, 2020","2,200.5","2,202.5","2,222.0","2,173.0","197.42K","0.11%"
"Apr 29, 2020","2,198.0","2,200.0","2,210.0","2,175.0","209.83K","0.14%"
"Apr 28, 2020","2,195.0","2,180.0","2,240.0","2,171.5","381.01K","0.50%"
"Apr 27, 2020","2,184.0","2,160.0","2,201.0","2,151.5","118.45K","1.72%"
"Apr 24, 2020","2,147.0","2,209.5","2,212.5","2,132.0","294.20K","-2.63%"
"Apr 23, 2020","2,205.0","2,225.0","2,237.0","2,175.0","220.51K","-0.59%"
"Apr 22, 2020","2,218.0","2,131.0","2,232.0","2,130.5","422.95K","4.11%"
"Apr 21, 2020","2,130.5","2,073.5","2,144.5","2,028.5","442.46K","2.38%"
"Apr 20, 2020","2,081.0","2,119.5","2,151.0","2,070.5","173.10K","-1.51%"
"Apr 17, 2020","2,113.0","2,176.0","2,210.0","2,105.0","230.73K","-1.93%"
"Apr 16, 2020","2,154.5","2,120.0","2,171.0","2,080.0","328.62K","2.28%"
"Apr 15, 2020","2,106.5","2,168.0","2,180.5","2,082.5","180.23K","-2.90%"
"Apr 14, 2020","2,169.5","2,187.0","2,227.0","2,126.0","405.79K","-0.02%"
"Apr 13, 2020","2,170.0","2,200.0","2,239.0","2,152.0","172.83K","-2.43%"
"Apr 10, 2020","2,224.0","2,253.0","2,257.5","2,215.0","81.82K","-2.24%"
"Apr 09, 2020","2,275.0","2,302.5","2,305.5","2,234.0","248.10K","-0.66%"
"Apr 08, 2020","2,290.0","2,259.0","2,290.0","2,183.0","407.92K","1.53%"
"Apr 07, 2020","2,255.5","2,362.0","2,432.0","2,220.0","512.99K","-3.86%"
"Apr 06, 2020","2,346.0","2,249.0","2,346.0","2,247.0","296.15K","5.20%"
"Apr 03, 2020","2,230.0","2,183.0","2,249.5","2,120.0","315.02K","2.18%"
"Apr 02, 2020","2,182.5","2,140.0","2,500.0","2,080.5","319.77K","2.22%"
"Apr 01, 2020","2,135.0","2,080.0","2,157.5","2,036.5","329.03K","2.08%"
"Mar 31, 2020","2,091.5","2,020.5","2,135.0","2,020.5","421.39K","3.54%"
"Mar 30, 2020","2,020.0","1,980.0","2,047.5","1,960.0","288.59K","2.12%"
"Mar 27, 2020","1,978.0","2,021.0","2,021.0","1,930.0","245.93K","-1.42%"
"Mar 26, 2020","2,006.5","1,989.5","2,035.0","1,904.0","379.73K","1.65%"
"Mar 25, 2020","1,974.0","2,087.0","2,150.0","1,897.5","652.77K","-5.28%"
"Mar 24, 2020","2,084.0","2,098.0","2,258.0","2,075.0","709.76K","0.90%"
"Mar 23, 2020","2,065.5","1,991.5","2,120.0","1,851.0","558.55K","5.84%"
"Mar 20, 2020","1,951.5","1,775.0","2,045.5","1,775.0","740.52K","12.32%"
"Mar 19, 2020","1,737.5","1,702.0","1,818.5","1,695.0","733.78K","2.09%"
"Mar 18, 2020","1,702.0","1,680.0","1,824.0","1,670.5","650.07K","3.34%"
"Mar 17, 2020","1,647.0","1,797.5","1,833.5","1,634.5","423.34K","-6.50%"
"Mar 16, 2020","1,761.5","1,740.0","1,868.0","1,707.0","300.64K","0.06%"
"Mar 13, 2020","1,760.5","1,639.5","1,836.5","1,609.5","426.55K","7.15%"
"Mar 12, 2020","1,643.0","1,820.0","1,851.0","1,632.5","387.19K","-11.79%"
"Mar 11, 2020","1,862.5","1,874.0","1,908.0","1,824.0","305.41K","1.50%"
"Mar 10, 2020","1,835.0","1,900.0","1,954.0","1,810.5","831.83K","-8.25%"
"Mar 06, 2020","2,000.0","2,112.5","2,112.5","1,998.0","296.29K","-5.62%"
"Mar 05, 2020","2,119.0","2,108.5","2,124.5","2,073.0","201.02K","1.24%"
"Mar 04, 2020","2,093.0","2,074.5","2,116.0","2,032.0","225.32K","0.24%"
"Mar 03, 2020","2,088.0","2,077.0","2,139.0","2,045.5","224.36K","1.31%"
"Mar 02, 2020","2,061.0","2,111.5","2,166.0","2,023.0","657.90K","-0.46%"
"Feb 28, 2020","2,070.5","2,070.0","2,139.5","1,893.0","622.73K","-1.52%"
"Feb 27, 2020","2,102.5","2,165.0","2,180.0","2,081.0","248.18K","-3.04%"
"Feb 26, 2020","2,168.5","2,151.5","2,225.0","2,110.0","324.65K","0.58%"
"Feb 25, 2020","2,156.0","2,223.0","2,264.5","2,156.0","203.73K","-4.26%"
"Feb 21, 2020","2,252.0","2,232.0","2,281.5","2,223.0","93.81K","0.47%"
"Feb 20, 2020","2,241.5","2,251.0","2,269.5","2,222.0","140.69K","-0.66%"
"Feb 19, 2020","2,256.5","2,172.5","2,256.5","2,166.5","134.74K","3.87%"
"Feb 18, 2020","2,172.5","2,164.0","2,186.5","2,150.5","159.25K","0.39%"
"Feb 17, 2020","2,164.0","2,150.0","2,174.0","2,135.0","114.60K","0.56%"
"Feb 14, 2020","2,152.0","2,177.5","2,187.5","2,143.5","198.79K","-1.15%"
"Feb 13, 2020","2,177.0","2,185.5","2,198.0","2,155.5","165.98K","-0.46%"
"Feb 12, 2020","2,187.0","2,176.0","2,195.0","2,128.0","280.20K","0.95%"
"Feb 11, 2020","2,166.5","2,188.0","2,258.5","2,144.0","257.73K","-0.39%"
"Feb 10, 2020","2,175.0","2,238.5","2,247.5","2,175.0","119.25K","-2.73%"
"Feb 07, 2020","2,236.0","2,274.5","2,284.0","2,218.5","108.66K","-1.48%"
"Feb 06, 2020","2,269.5","2,270.0","2,308.0","2,251.0","194.05K","-0.61%"
"Feb 05, 2020","2,283.5","2,323.5","2,324.0","2,267.0","329.67K","-1.72%"
"Feb 04, 2020","2,323.5","2,350.0","2,364.5","2,312.0","281.21K","-0.68%"
"Feb 03, 2020","2,339.5","2,330.5","2,375.5","2,315.5","294.64K","0.19%"
"Jan 31, 2020","2,335.0","2,354.5","2,377.0","2,330.5","186.60K","-0.83%"
"Jan 30, 2020","2,354.5","2,260.0","2,356.0","2,230.5","272.88K","3.97%"
"Jan 29, 2020","2,264.5","2,215.0","2,273.0","2,170.0","218.98K","2.70%"
"Jan 28, 2020","2,205.0","2,230.0","2,241.5","2,191.0","242.89K","-1.03%"
"Jan 27, 2020","2,228.0","2,170.0","2,236.5","2,140.0","330.56K","1.62%"
"Jan 24, 2020","2,192.5","2,167.0","2,192.5","2,137.0","253.32K","1.18%"
"Jan 23, 2020","2,167.0","2,149.0","2,168.0","2,100.0","258.41K","0.77%"
"Jan 22, 2020","2,150.5","2,110.0","2,153.0","2,098.5","540.49K","2.50%"
"Jan 21, 2020","2,098.0","2,089.5","2,102.5","2,061.0","285.27K","0.41%"
"Jan 20, 2020","2,089.5","2,110.0","2,124.5","2,081.0","379.11K","-0.97%"
"Jan 17, 2020","2,110.0","2,105.0","2,113.0","2,085.0","204.79K","0.45%"
"Jan 16, 2020","2,100.5","2,105.0","2,114.0","2,090.0","203.15K","0.26%"
"Jan 15, 2020","2,095.0","2,150.5","2,163.5","2,087.5","334.15K","-2.58%"
"Jan 14, 2020","2,150.5","2,209.5","2,224.5","2,150.0","219.75K","-2.67%"
"Jan 13, 2020","2,209.5","2,197.0","2,209.5","2,161.5","87.86K","0.34%"
"Jan 10, 2020","2,202.0","2,152.0","2,205.0","2,115.0","242.72K","2.32%"
"Jan 09, 2020","2,152.0","2,099.5","2,152.0","2,092.0","171.73K","2.04%"
"Jan 08, 2020","2,109.0","2,105.5","2,110.5","2,089.0","100.48K","-0.47%"
"Jan 06, 2020","2,119.0","2,130.0","2,130.0","2,069.0","140.72K","-0.54%"
"Jan 03, 2020","2,130.5","2,135.5","2,139.5","2,100.0","122.06K","-0.19%"
"Dec 30, 2019","2,134.5","2,130.0","2,134.5","2,106.5","120.76K","0.16%"
"Dec 27, 2019","2,131.0","2,100.0","2,137.5","2,094.5","113.39K","1.74%"
"Dec 26, 2019","2,094.5","2,105.5","2,109.0","2,091.5","69.75K","-0.52%"
"Dec 25, 2019","2,105.5","2,118.0","2,126.5","2,082.0","64.12K","-0.61%"
"Dec 24, 2019","2,118.5","2,110.0","2,120.0","2,103.0","57.31K","0.36%"
"Dec 23, 2019","2,111.0","2,086.0","2,113.0","2,085.0","92.87K","1.39%"
"Dec 20, 2019","2,082.0","2,117.0","2,117.0","2,055.5","159.19K","-1.33%"
"Dec 19, 2019","2,110.0","2,155.0","2,170.0","2,095.0","253.22K","-2.54%"
"Dec 18, 2019","2,165.0","2,142.0","2,175.5","2,130.0","107.91K","0.84%"
"Dec 17, 2019","2,147.0","2,159.0","2,208.5","2,140.0","195.72K","-0.32%"
"Dec 16, 2019","2,154.0","2,237.5","2,238.0","2,154.0","235.83K","-3.73%"
"Dec 13, 2019","2,237.5","2,242.0","2,248.5","2,215.5","119.28K","0.22%"
"Dec 12, 2019","2,232.5","2,181.0","2,242.0","2,181.0","207.55K","2.36%"
"Dec 11, 2019","2,181.0","2,132.0","2,199.0","2,119.5","143.36K","2.27%"
"Dec 10, 2019","2,132.5","2,118.5","2,134.0","2,090.0","122.91K","0.71%"
"Dec 09, 2019","2,117.5","2,090.0","2,122.0","2,070.0","91.11K","1.32%"
"Dec 06, 2019","2,090.0","2,046.0","2,090.0","2,046.0","76.08K","1.70%"
"Dec 05, 2019","2,055.0","2,061.0","2,071.5","2,037.5","74.71K","-0.29%"
"Dec 04, 2019","2,061.0","2,043.5","2,074.5","2,037.0","84.46K","0.24%"
"Dec 03, 2019","2,056.0","2,097.0","2,097.0","2,040.5","111.03K","-1.51%"
"Dec 02, 2019","2,087.5","2,144.0","2,159.5","2,085.0","110.03K","-2.64%"
"Nov 29, 2019","2,144.0","2,117.5","2,145.5","2,098.0","85.09K","1.37%"
"Nov 28, 2019","2,115.0","2,143.0","2,143.5","2,105.0","56.49K","-1.28%"
"Nov 27, 2019","2,142.5","2,134.0","2,150.0","2,111.5","112.76K","0.85%"
"Nov 26, 2019","2,124.5","2,173.0","2,173.0","2,120.0","300.55K","-1.64%"
"Nov 25, 2019","2,160.0","2,150.0","2,172.0","2,133.5","93.90K","0.51%"
"Nov 22, 2019","2,149.0","2,123.5","2,155.5","2,103.0","111.30K","1.39%"
"Nov 21, 2019","2,119.5","2,146.0","2,146.0","2,085.0","132.96K","-1.44%"
"Nov 20, 2019","2,150.5","2,166.5","2,173.5","2,140.5","73.78K","-0.94%"
"Nov 19, 2019","2,171.0","2,162.0","2,209.0","2,156.5","102.06K","0.02%"
"Nov 18, 2019","2,170.5","2,161.5","2,185.5","2,138.0","86.78K","0.60%"
"Nov 15, 2019","2,157.5","2,184.0","2,210.0","2,154.5","72.28K","-1.69%"
"Nov 14, 2019","2,194.5","2,224.5","2,230.0","2,155.0","192.59K","-1.33%"
"Nov 13, 2019","2,224.0","2,212.5","2,247.5","2,171.5","110.74K","0.14%"
"Nov 12, 2019","2,221.0","2,202.0","2,241.5","2,185.0","89.45K","0.70%"
"Nov 11, 2019","2,205.5","2,228.0","2,243.0","2,182.0","98.86K","-1.10%"
"Nov 08, 2019","2,230.0","2,262.5","2,265.0","2,203.0","109.13K","-1.55%"
"Nov 07, 2019","2,265.0","2,246.5","2,270.0","2,245.0","144.21K","-0.18%"
"Nov 06, 2019","2,269.0","2,230.5","2,269.0","2,205.0","167.61K","1.75%"
"Nov 05, 2019","2,230.0","2,194.0","2,250.0","2,194.0","176.13K","2.86%"
"Nov 01, 2019","2,168.0","2,142.5","2,197.0","2,131.0","235.35K","0.98%"
"Oct 31, 2019","2,147.0","2,120.0","2,147.0","2,102.0","118.24K","1.08%"
"Oct 30, 2019","2,124.0","2,078.5","2,124.0","2,050.0","204.82K","2.12%"
"Oct 29, 2019","2,080.0","2,070.0","2,089.0","2,037.5","154.51K","0.53%"
"Oct 28, 2019","2,069.0","1,989.0","2,070.0","1,979.5","227.54K","3.92%"
"Oct 25, 2019","1,991.0","2,038.0","2,081.5","1,961.0","186.59K","-1.92%"
"Oct 24, 2019","2,030.0","2,003.0","2,037.0","1,981.0","200.15K","1.35%"
"Oct 23, 2019","2,003.0","2,053.5","2,132.0","1,974.0","323.70K","-2.03%"
"Oct 22, 2019","2,044.5","1,970.0","2,055.0","1,917.5","601.97K","4.15%"
"Oct 21, 2019","1,963.0","2,036.5","2,048.5","1,941.5","302.00K","-3.99%"
"Oct 18, 2019","2,044.5","2,024.0","2,050.0","2,011.0","114.34K","1.21%"
"Oct 17, 2019","2,020.0","2,049.5","2,083.5","2,012.0","187.51K","-0.98%"
"Oct 16, 2019","2,040.0","2,039.5","2,047.0","2,022.5","84.51K","0.00%"
"Oct 15, 2019","2,040.0","1,991.5","2,041.5","1,980.0","103.66K","2.05%"
"Oct 14, 2019","1,999.0","2,016.0","2,018.5","1,982.0","103.05K","-0.40%"
"Oct 11, 2019","2,007.0","2,082.5","2,082.5","1,992.5","160.81K","-2.95%"
"Oct 10, 2019","2,068.0","2,099.5","2,099.5","2,068.0","86.19K","-1.29%"
"Oct 09, 2019","2,095.0","2,104.0","2,104.0","2,080.5","88.38K","-0.55%"
"Oct 08, 2019","2,106.5","2,097.5","2,113.0","2,072.0","66.34K","0.69%"
"Oct 07, 2019","2,092.0","2,158.0","2,158.0","2,077.0","119.59K","-3.06%"
"Oct 04, 2019","2,158.0","2,169.0","2,212.0","2,137.0","139.37K","0.14%"
"Oct 03, 2019","2,155.0","2,262.0","2,275.5","2,145.5","148.19K","-4.71%"
"Oct 02, 2019","2,261.5","2,306.5","2,315.5","2,232.5","80.59K","-2.44%"
"Oct 01, 2019","2,318.0","2,279.0","2,320.5","2,275.0","93.39K","1.71%"
"Sep 30, 2019","2,279.0","2,235.0","2,282.0","2,223.5","86.11K","2.36%"
"Sep 27, 2019","2,226.5","2,267.0","2,287.0","2,226.5","77.65K","-1.63%"
"Sep 26, 2019","2,263.5","2,224.0","2,283.5","2,200.5","150.51K","2.61%"
"Sep 25, 2019","2,206.0","2,207.5","2,242.5","2,187.5","131.45K","-0.65%"
"Sep 24, 2019","2,220.5","2,216.5","2,269.0","2,197.5","153.03K","0.91%"
"Sep 23, 2019","2,200.5","2,218.0","2,221.0","2,190.5","73.88K","-0.79%"
"Sep 20, 2019","2,218.0","2,262.0","2,267.0","2,200.0","255.69K","-1.95%"
"Sep 19, 2019","2,262.0","2,275.0","2,275.5","2,245.0","143.25K","-0.57%"
"Sep 18, 2019","2,275.0","2,311.5","2,315.5","2,230.5","209.29K","-1.43%"
"Sep 17, 2019","2,308.0","2,312.0","2,337.0","2,296.5","109.79K","-1.14%"
"Sep 16, 2019","2,334.5","2,331.5","2,349.0","2,299.0","102.82K","-0.24%"
"Sep 13, 2019","2,340.0","2,358.0","2,358.0","2,309.0","80.80K","-1.22%"
"Sep 12, 2019","2,369.0","2,366.0","2,375.0","2,318.5","106.70K","-0.88%"
"Sep 11, 2019","2,390.0","2,312.0","2,390.0","2,312.0","137.16K","3.04%"
"Sep 10, 2019","2,319.5","2,284.0","2,320.0","2,277.0","80.92K","0.67%"
"Sep 09, 2019","2,304.0","2,287.0","2,304.0","2,266.5","40.15K","0.74%"
"Sep 06, 2019","2,287.0","2,301.0","2,304.0","2,260.0","76.29K","-0.57%"
"Sep 05, 2019","2,300.0","2,242.5","2,300.0","2,242.5","105.44K","2.59%"
"Sep 04, 2019","2,242.0","2,265.5","2,300.0","2,242.0","98.66K","-1.10%"
"Sep 03, 2019","2,267.0","2,276.0","2,312.0","2,231.5","122.08K","-1.54%"
"Sep 02, 2019","2,302.5","2,282.5","2,322.0","2,260.5","105.72K","0.17%"
"Aug 30, 2019","2,298.5","2,225.5","2,304.0","2,205.0","178.10K","2.98%"
"Aug 29, 2019","2,232.0","2,158.0","2,232.0","2,146.0","106.62K","3.43%"
"Aug 28, 2019","2,158.0","2,136.0","2,168.0","2,127.0","73.06K","0.44%"
"Aug 27, 2019","2,148.5","2,160.0","2,203.5","2,107.0","254.64K","-0.53%"
"Aug 26, 2019","2,160.0","2,149.5","2,200.5","2,125.5","46.42K","0.33%"
"Aug 23, 2019","2,153.0","2,216.5","2,216.5","2,153.0","80.41K","-1.89%"
"Aug 22, 2019","2,194.5","2,204.5","2,222.5","2,192.5","91.34K","-1.06%"
"Aug 21, 2019","2,218.0","2,146.5","2,219.0","2,121.5","209.05K","3.33%"
"Aug 20, 2019","2,146.5","2,125.0","2,193.5","2,000.0","301.70K","1.01%"
"Aug 19, 2019","2,125.0","2,139.5","2,180.0","2,124.0","242.94K","0.31%"
"Aug 16, 2019","2,118.5","2,148.0","2,174.0","2,118.5","123.08K","-0.35%"
"Aug 15, 2019","2,126.0","2,092.5","2,172.5","2,091.0","163.27K","2.56%"
"Aug 14, 2019","2,073.0","2,109.0","2,125.0","2,073.0","115.43K","-1.07%"
"Aug 13, 2019","2,095.5","2,096.5","2,124.0","2,081.5","89.18K","0.26%"
"Aug 12, 2019","2,090.0","2,064.0","2,100.0","2,061.0","59.71K","1.63%"
"Aug 09, 2019","2,056.5","2,045.0","2,077.0","2,045.0","55.50K","0.61%"
"Aug 08, 2019","2,044.0","2,050.0","2,097.5","2,044.0","112.74K","0.10%"
"Aug 07, 2019","2,042.0","2,088.0","2,100.0","2,036.0","86.65K","-1.45%"
"Aug 06, 2019","2,072.0","2,078.5","2,091.5","2,064.5","99.83K","0.68%"
"Aug 05, 2019","2,058.0","2,148.0","2,148.5","2,056.0","145.77K","-3.65%"
"Aug 02, 2019","2,136.0","2,130.0","2,177.0","2,106.0","127.07K","-1.36%"
"Aug 01, 2019","2,165.5","2,109.5","2,174.5","2,100.0","92.34K","3.09%"
"Jul 31, 2019","2,100.5","2,091.0","2,127.5","2,072.0","111.72K","-0.47%"
"Jul 30, 2019","2,110.5","2,119.5","2,121.5","2,074.5","45.70K","0.43%"
"Jul 29, 2019","2,101.5","2,134.0","2,148.5","2,101.0","75.04K","-0.80%"
"Jul 26, 2019","2,118.5","2,144.0","2,150.0","2,101.0","101.79K","-1.00%"
"Jul 25, 2019","2,140.0","2,129.5","2,162.0","2,112.5","77.77K","0.49%"
"Jul 24, 2019","2,129.5","2,148.5","2,149.5","2,116.5","47.97K","-0.33%"
"Jul 23, 2019","2,136.5","2,118.0","2,152.0","2,102.0","57.42K","1.69%"
"Jul 22, 2019","2,101.0","2,187.0","2,197.0","2,101.0","82.77K","-3.62%"
"Jul 19, 2019","2,180.0","2,207.5","2,223.0","2,180.0","67.95K","-0.37%"
"Jul 18, 2019","2,188.0","2,193.0","2,227.5","2,185.5","79.91K","-0.18%"
"Jul 17, 2019","2,192.0","2,239.0","2,249.5","2,184.5","78.82K","-2.53%"
"Jul 16, 2019","2,249.0","2,209.0","2,252.0","2,202.0","101.74K","1.76%"
"Jul 15, 2019","2,210.0","2,210.0","2,234.5","2,185.0","55.05K","0.59%"
"Jul 12, 2019","2,197.0","2,173.5","2,210.0","2,169.0","59.91K","1.20%"
"Jul 11, 2019","2,171.0","2,217.5","2,217.5","2,143.5","69.67K","-2.01%"
"Jul 10, 2019","2,215.5","2,187.5","2,215.5","2,153.5","76.03K","1.65%"
"Jul 09, 2019","2,179.5","2,210.0","2,218.5","2,160.0","59.72K","-1.82%"
"Jul 08, 2019","2,220.0","2,245.0","2,246.5","2,192.0","92.76K","-1.51%"
"Jul 05, 2019","2,254.0","2,225.5","2,254.0","2,211.5","52.15K","1.05%"
"Jul 04, 2019","2,230.5","2,248.5","2,257.5","2,216.5","73.32K","-1.22%"
"Jul 03, 2019","2,258.0","2,242.0","2,277.0","2,188.0","93.96K","0.80%"
"Jul 02, 2019","2,240.0","2,130.0","2,249.0","2,125.5","136.63K","4.84%"
"Jul 01, 2019","2,136.5","2,180.0","2,198.5","2,131.5","53.44K","-1.88%"
"Jun 28, 2019","2,177.5","2,225.5","2,243.5","2,154.5","67.98K","-2.57%"
"Jun 27, 2019","2,235.0","2,230.0","2,252.5","2,205.5","84.38K","0.61%"
"Jun 26, 2019","2,221.5","2,152.0","2,232.0","2,146.0","128.73K","3.13%"
"Jun 25, 2019","2,154.0","2,143.5","2,160.0","2,121.5","73.85K","-0.23%"
"Jun 24, 2019","2,159.0","2,132.0","2,159.0","2,110.5","68.97K","1.36%"
"Jun 21, 2019","2,130.0","2,085.0","2,148.0","2,070.0","153.03K","1.89%"
"Jun 20, 2019","2,090.5","2,056.0","2,122.0","2,056.0","277.01K","0.80%"
"Jun 19, 2019","2,074.0","2,072.0","2,247.5","2,040.0","59.29K","0.12%"
"Jun 18, 2019","2,071.5","2,066.5","2,084.0","2,045.0","105.27K","0.93%"
"Jun 17, 2019","2,052.5","2,072.0","2,097.0","2,045.5","98.76K","-0.65%"
"Jun 14, 2019","2,066.0","2,098.0","2,130.5","2,065.0","89.01K","-1.53%"
"Jun 13, 2019","2,098.0","2,099.0","2,099.5","2,056.0","103.62K","0.24%"
"Jun 11, 2019","2,093.0","2,048.5","2,107.0","2,032.0","206.68K","2.15%"
"Jun 10, 2019","2,049.0","2,045.0","2,053.5","2,027.0","43.03K","0.42%"
"Jun 07, 2019","2,040.5","2,045.0","2,073.0","2,010.5","72.51K","-0.22%"
"Jun 06, 2019","2,045.0","2,033.5","2,049.5","2,019.5","65.35K","0.59%"
"Jun 05, 2019","2,033.0","1,993.0","2,044.0","1,977.0","84.44K","1.40%"
"Jun 04, 2019","2,005.0","1,998.0","2,030.0","1,982.5","85.73K","-0.25%"
"Jun 03, 2019","2,010.0","1,899.5","2,019.0","1,898.0","101.31K","4.55%"
"May 31, 2019","1,922.5","1,923.0","1,940.5","1,890.5","77.09K","-0.08%"
"May 30, 2019","1,924.0","1,890.0","1,924.5","1,890.0","99.34K","1.21%"
"May 29, 2019","1,901.0","1,839.0","1,908.0","1,834.5","113.99K","2.92%"
"May 28, 2019","1,847.0","1,867.0","1,875.5","1,802.5","297.50K","-0.57%"
"May 27, 2019","1,857.5","1,828.0","1,864.0","1,827.5","23.82K","1.61%"
"May 24, 2019","1,828.0","1,857.5","1,873.5","1,817.0","72.94K","-1.59%"
"May 23, 2019","1,857.5","1,874.0","1,889.5","1,845.5","131.67K","-3.93%"
"May 22, 2019","1,933.5","1,951.5","1,955.0","1,914.0","88.28K","-0.95%"
"May 21, 2019","1,952.0","2,003.5","2,011.0","1,934.5","78.05K","-2.16%"
"May 20, 2019","1,995.0","2,017.5","2,019.5","1,957.5","98.38K","-0.25%"
"May 17, 2019","2,000.0","1,930.0","2,020.0","1,924.5","155.21K","2.93%"
"May 16, 2019","1,943.0","1,890.0","1,969.5","1,887.0","153.33K","2.42%"
"May 15, 2019","1,897.0","1,918.5","1,921.5","1,893.5","102.71K","-0.60%"
"May 14, 2019","1,908.5","1,922.0","1,941.0","1,886.5","130.36K","0.24%"
"May 13, 2019","1,904.0","1,914.5","1,948.0","1,891.5","110.59K","0.42%"
"May 10, 2019","1,896.0","1,903.5","1,950.0","1,892.5","99.40K","-1.61%"
"May 08, 2019","1,927.0","1,969.5","1,993.5","1,927.0","103.62K","-2.82%"
"May 07, 2019","1,983.0","1,966.0","1,998.0","1,965.0","58.34K","0.66%"
"May 06, 2019","1,970.0","2,000.0","2,000.0","1,931.5","49.33K","-1.48%"
"May 03, 2019","1,999.5","1,970.0","2,018.5","1,957.0","82.02K","1.65%"
"May 02, 2019","1,967.0","1,974.0","1,974.5","1,924.0","47.30K","0.20%"
"Apr 30, 2019","1,963.0","1,907.0","1,963.0","1,875.0","117.15K","3.62%"
"Apr 29, 2019","1,894.5","1,900.0","1,945.0","1,868.0","41.11K","-0.92%"
"Apr 26, 2019","1,912.0","1,910.0","1,912.0","1,866.5","75.89K","0.10%"
"Apr 25, 2019","1,910.0","1,791.5","1,922.5","1,791.5","249.70K","5.52%"
"Apr 24, 2019","1,810.0","1,806.0","1,810.0","1,777.5","85.68K","0.33%"
"Apr 23, 2019","1,804.0","1,762.5","1,835.0","1,762.0","112.13K","2.59%"
"Apr 22, 2019","1,758.5","1,763.0","1,790.0","1,755.5","21.52K","-0.23%"
"Apr 19, 2019","1,762.5","1,762.0","1,780.0","1,743.5","27.96K","-0.31%"
"Apr 18, 2019","1,768.0","1,730.0","1,768.0","1,694.5","118.87K","2.31%"
"Apr 17, 2019","1,728.0","1,642.0","1,728.0","1,636.0","152.07K","5.82%"
"Apr 16, 2019","1,633.0","1,634.0","1,650.0","1,626.0","64.53K","-0.03%"
"Apr 15, 2019","1,633.5","1,638.0","1,644.0","1,630.0","36.65K","-0.43%"
"Apr 12, 2019","1,640.5","1,642.0","1,655.0","1,625.5","76.41K","0.46%"
"Apr 11, 2019","1,633.0","1,655.0","1,655.0","1,633.0","53.47K","-1.03%"
"Apr 10, 2019","1,650.0","1,669.0","1,670.0","1,636.0","77.07K","-0.87%"
"Apr 09, 2019","1,664.5","1,655.0","1,664.5","1,632.0","94.64K","0.54%"
"Apr 08, 2019","1,655.5","1,645.0","1,660.0","1,629.5","72.77K","-0.21%"
"Apr 05, 2019","1,659.0","1,670.0","1,670.0","1,640.5","43.66K","-0.66%"
"Apr 04, 2019","1,670.0","1,669.0","1,670.0","1,639.0","61.29K","0.75%"
"Apr 03, 2019","1,657.5","1,665.0","1,689.0","1,657.5","78.01K","0.21%"
"Apr 02, 2019","1,654.0","1,665.0","1,677.5","1,643.0","85.08K","0.00%"
"Apr 01, 2019","1,654.0","1,645.5","1,678.5","1,625.0","67.80K","1.04%"
"Mar 29, 2019","1,637.0","1,638.0","1,663.0","1,627.0","127.27K","-0.03%"
"Mar 28, 2019","1,637.5","1,645.0","1,657.0","1,628.0","71.07K","0.34%"
"Mar 27, 2019","1,632.0","1,688.0","1,689.5","1,632.0","81.31K","-2.91%"
"Mar 26, 2019","1,681.0","1,623.0","1,686.5","1,611.0","144.53K","3.93%"
"Mar 25, 2019","1,617.5","1,600.0","1,627.0","1,575.0","89.65K","0.84%"
"Mar 22, 2019","1,604.0","1,607.0","1,607.0","1,576.5","116.19K","-0.25%"
"Mar 21, 2019","1,608.0","1,605.0","1,625.0","1,589.0","233.68K","0.03%"
"Mar 20, 2019","1,607.5","1,607.0","1,635.5","1,551.5","317.58K","0.16%"
"Mar 19, 2019","1,605.0","1,639.0","1,648.0","1,605.0","106.60K","-1.83%"
"Mar 18, 2019","1,635.0","1,598.5","1,645.0","1,582.5","156.32K","2.67%"
"Mar 15, 2019","1,592.5","1,624.0","1,637.5","1,591.5","155.57K","-1.48%"
"Mar 14, 2019","1,616.5","1,650.0","1,662.0","1,609.5","127.07K","-1.82%"
"Mar 13, 2019","1,646.5","1,706.5","1,713.0","1,643.0","113.50K","-3.03%"
"Mar 12, 2019","1,698.0","1,691.0","1,714.0","1,670.5","70.81K","0.68%"
"Mar 11, 2019","1,686.5","1,644.5","1,695.5","1,644.5","101.57K","2.59%"
"Mar 07, 2019","1,644.0","1,675.0","1,688.5","1,640.0","48.75K","-1.79%"
"Mar 06, 2019","1,674.0","1,630.0","1,681.0","1,630.0","95.27K","2.32%"
"Mar 05, 2019","1,636.0","1,657.5","1,664.5","1,627.5","48.10K","-1.74%"
"Mar 04, 2019","1,665.0","1,652.0","1,679.5","1,649.5","64.14K","0.12%"
"Mar 01, 2019","1,663.0","1,680.0","1,680.0","1,626.0","156.55K","-0.81%"
"Feb 28, 2019","1,676.5","1,704.5","1,709.0","1,660.0","201.43K","-1.64%"
"Feb 27, 2019","1,704.5","1,749.0","1,749.0","1,695.0","112.38K","-2.91%"
"Feb 26, 2019","1,755.5","1,775.5","1,791.0","1,730.0","183.21K","-1.46%"
"Feb 25, 2019","1,781.5","1,802.0","1,808.5","1,772.5","72.85K","-1.66%"
"Feb 22, 2019","1,811.5","1,815.0","1,815.0","1,790.5","45.58K","-0.30%"
"Feb 21, 2019","1,817.0","1,830.0","1,833.5","1,801.0","87.51K","-0.63%"
"Feb 20, 2019","1,828.5","1,784.0","1,828.5","1,783.0","84.87K","3.13%"
"Feb 19, 2019","1,773.0","1,804.0","1,804.5","1,761.0","54.37K","-1.28%"
"Feb 18, 2019","1,796.0","1,795.0","1,805.0","1,778.0","28.64K","-0.22%"
"Feb 15, 2019","1,800.0","1,762.5","1,800.0","1,756.0","94.60K","2.13%"
"Feb 14, 2019","1,762.5","1,741.5","1,775.0","1,732.5","86.23K","0.17%"
"Feb 13, 2019","1,759.5","1,803.5","1,803.5","1,738.5","117.82K","-2.44%"
"Feb 12, 2019","1,803.5","1,785.0","1,818.0","1,775.0","50.66K","0.64%"
"Feb 11, 2019","1,792.0","1,812.5","1,825.0","1,776.0","50.54K","-1.62%"
"Feb 08, 2019","1,821.5","1,800.0","1,822.0","1,793.5","40.69K","1.14%"
"Feb 07, 2019","1,801.0","1,790.5","1,812.0","1,780.0","65.96K","0.45%"
"Feb 06, 2019","1,793.0","1,760.0","1,805.0","1,738.5","110.90K","1.88%"
"Feb 05, 2019","1,760.0","1,734.0","1,766.5","1,715.0","72.77K","2.27%"
"Feb 04, 2019","1,721.0","1,755.5","1,775.0","1,721.0","89.85K","-1.57%"
"Feb 01, 2019","1,748.5","1,720.0","1,752.0","1,706.0","81.40K","1.92%"
"Jan 31, 2019","1,715.5","1,749.0","1,786.0","1,702.0","153.02K","-1.41%"
"Jan 30, 2019","1,740.0","1,758.0","1,776.0","1,730.0","139.03K","-1.14%"
"Jan 29, 2019","1,760.0","1,776.5","1,787.0","1,755.0","65.98K","-1.40%"
"Jan 28, 2019","1,785.0","1,820.0","1,820.0","1,769.0","66.20K","-1.95%"
"Jan 25, 2019","1,820.5","1,842.0","1,854.0","1,789.0","71.34K","-0.74%"
"Jan 24, 2019","1,834.0","1,809.0","1,861.0","1,786.0","169.23K","1.27%"
"Jan 23, 2019","1,811.0","1,823.0","1,835.5","1,798.0","221.71K","-0.63%"
"Jan 22, 2019","1,822.5","1,769.0","1,829.5","1,747.0","123.61K","2.97%"
"Jan 21, 2019","1,770.0","1,783.0","1,814.0","1,768.5","79.40K","-0.73%"
"Jan 18, 2019","1,783.0","1,720.5","1,795.0","1,693.0","161.48K","3.57%"
"Jan 17, 2019","1,721.5","1,759.0","1,794.0","1,690.0","132.47K","-2.13%"
"Jan 16, 2019","1,759.0","1,782.5","1,790.5","1,730.0","69.31K","-0.76%"
"Jan 15, 2019","1,772.5","1,765.0","1,800.0","1,757.5","88.71K","0.42%"
"Jan 14, 2019","1,765.0","1,760.0","1,765.0","1,727.5","73.99K","0.28%"
"Jan 11, 2019","1,760.0","1,768.0","1,780.5","1,743.5","140.80K","0.03%"
"Jan 10, 2019","1,759.5","1,799.5","1,800.0","1,747.0","114.58K","-1.81%"
"Jan 09, 2019","1,792.0","1,822.5","1,843.5","1,777.5","135.98K","-1.65%"
"Jan 08, 2019","1,822.0","1,865.5","1,865.5","1,802.5","127.60K","-2.46%"
"Jan 04, 2019","1,868.0","1,819.5","1,874.0","1,801.5","92.03K","2.47%"
"Jan 03, 2019","1,823.0","1,749.5","1,823.0","1,672.0","69.64K","5.68%"
"Dec 29, 2018","1,725.0","1,749.5","1,750.0","1,725.0","6.34K","-1.23%"
"Dec 28, 2018","1,746.5","1,708.0","1,746.5","1,700.0","40.97K","3.25%"
"Dec 27, 2018","1,691.5","1,694.0","1,710.0","1,661.5","84.36K","0.68%"
"Dec 26, 2018","1,680.0","1,640.0","1,685.0","1,640.0","50.85K","2.03%"
"Dec 25, 2018","1,646.5","1,700.0","1,701.5","1,615.0","45.91K","-3.15%"
"Dec 24, 2018","1,700.0","1,805.0","1,811.0","1,700.0","42.54K","-5.82%"
"Dec 21, 2018","1,805.0","1,789.5","1,805.0","1,721.0","149.67K","0.28%"
"Dec 20, 2018","1,800.0","1,753.0","1,800.0","1,685.0","165.76K","1.47%"
"Dec 19, 2018","1,774.0","1,705.0","1,779.0","1,696.0","110.20K","3.17%"
"Dec 18, 2018","1,719.5","1,630.0","1,721.5","1,623.5","179.41K","3.80%"
"Dec 17, 2018","1,656.5","1,627.5","1,660.0","1,612.0","59.99K","1.01%"
"Dec 14, 2018","1,640.0","1,600.5","1,640.0","1,593.0","50.98K","1.33%"
"Dec 13, 2018","1,618.5","1,585.5","1,633.5","1,565.5","85.27K","2.70%"
"Dec 12, 2018","1,576.0","1,583.5","1,583.5","1,557.0","51.00K","-0.10%"
"Dec 11, 2018","1,577.5","1,597.5","1,599.5","1,557.5","76.12K","-0.41%"
"Dec 10, 2018","1,584.0","1,628.5","1,654.5","1,584.0","72.01K","-3.12%"
"Dec 07, 2018","1,635.0","1,608.5","1,673.5","1,592.0","159.65K","1.52%"
"Dec 06, 2018","1,610.5","1,618.0","1,630.0","1,585.0","116.57K","-0.53%"
"Dec 05, 2018","1,619.0","1,635.0","1,660.0","1,600.5","238.74K","-2.91%"
"Dec 04, 2018","1,667.5","1,742.5","1,743.5","1,645.0","155.74K","-4.30%"
"Dec 03, 2018","1,742.5","1,730.0","1,790.0","1,717.0","116.01K","1.01%"
"Nov 30, 2018","1,725.0","1,767.5","1,773.5","1,678.0","264.97K","0.88%"
"Nov 29, 2018","1,710.0","1,722.0","1,795.0","1,676.5","174.56K","-0.67%"
"Nov 28, 2018","1,721.5","1,657.0","1,745.0","1,655.5","122.68K","3.96%"
"Nov 27, 2018","1,656.0","1,590.0","1,656.0","1,575.5","60.15K","3.69%"
"Nov 26, 2018","1,597.0","1,595.0","1,629.0","1,535.0","85.40K","-0.59%"
"Nov 23, 2018","1,606.5","1,565.0","1,606.5","1,551.5","81.92K","1.48%"
"Nov 22, 2018","1,583.0","1,535.5","1,586.5","1,535.0","41.63K","1.57%"
"Nov 21, 2018","1,558.5","1,497.5","1,564.5","1,497.5","50.97K","2.97%"
"Nov 20, 2018","1,513.5","1,567.5","1,649.5","1,495.5","66.97K","-2.89%"
"Nov 19, 2018","1,558.5","1,549.0","1,599.0","1,544.5","52.00K","-0.42%"
"Nov 16, 2018","1,565.0","1,576.0","1,600.0","1,547.5","68.25K","-1.17%"
"Nov 15, 2018","1,583.5","1,549.5","1,605.0","1,532.5","64.20K","3.13%"
"Nov 14, 2018","1,535.5","1,559.0","1,595.0","1,521.0","75.92K","-1.19%"
"Nov 13, 2018","1,554.0","1,562.0","1,615.0","1,554.0","62.20K","-1.49%"
"Nov 12, 2018","1,577.5","1,620.0","1,626.0","1,560.5","39.35K","-2.05%"
"Nov 09, 2018","1,610.5","1,607.0","1,629.5","1,563.0","101.09K","0.03%"
"Nov 08, 2018","1,610.0","1,636.0","1,657.5","1,610.0","49.83K","-1.83%"
"Nov 07, 2018","1,640.0","1,605.5","1,663.5","1,605.5","74.19K","0.64%"
"Nov 06, 2018","1,629.5","1,599.5","1,642.5","1,599.5","49.55K","0.93%"
"Nov 02, 2018","1,614.5","1,599.0","1,655.0","1,580.5","88.26K","1.00%"
"Nov 01, 2018","1,598.5","1,539.0","1,598.5","1,513.0","105.75K","3.87%"
"Oct 31, 2018","1,539.0","1,559.5","1,597.0","1,524.0","115.39K","-1.50%"
"Oct 30, 2018","1,562.5","1,529.5","1,570.0","1,500.0","72.03K","1.86%"
"Oct 29, 2018","1,534.0","1,540.0","1,568.0","1,473.0","49.64K","0.26%"
"Oct 26, 2018","1,530.0","1,540.5","1,540.5","1,496.0","84.15K","-1.61%"
"Oct 25, 2018","1,555.0","1,525.5","1,594.5","1,496.0","142.13K","1.50%"
"Oct 24, 2018","1,532.0","1,442.0","1,574.0","1,442.0","345.23K","6.20%"
"Oct 23, 2018","1,442.5","1,442.0","1,458.0","1,410.0","76.08K","0.03%"
"Oct 22, 2018","1,442.0","1,444.5","1,474.5","1,427.0","78.43K","0.52%"
"Oct 19, 2018","1,434.5","1,421.0","1,449.0","1,399.0","128.69K","0.99%"
"Oct 18, 2018","1,420.5","1,462.5","1,462.5","1,402.5","132.66K","-1.49%"
"Oct 17, 2018","1,442.0","1,374.0","1,459.5","1,374.0","159.80K","4.99%"
"Oct 16, 2018","1,373.5","1,363.0","1,386.5","1,352.0","94.84K","0.84%"
"Oct 15, 2018","1,362.0","1,381.0","1,397.0","1,346.5","115.88K","-1.45%"
"Oct 12, 2018","1,382.0","1,294.0","1,382.0","1,294.0","123.17K","7.38%"
"Oct 11, 2018","1,287.0","1,300.0","1,320.0","1,277.5","216.30K","-2.43%"
"Oct 10, 2018","1,319.0","1,341.0","1,373.5","1,317.5","130.13K","-2.51%"
"Oct 09, 2018","1,353.0","1,380.0","1,397.0","1,337.5","108.73K","-1.81%"
"Oct 08, 2018","1,378.0","1,403.0","1,412.0","1,377.0","83.60K","-0.86%"
"Oct 05, 2018","1,390.0","1,420.0","1,429.5","1,388.5","92.47K","-2.39%"
"Oct 04, 2018","1,424.0","1,411.5","1,446.5","1,402.5","96.33K","0.92%"
"Oct 03, 2018","1,411.0","1,407.0","1,431.0","1,399.0","83.16K","-0.07%"
"Oct 02, 2018","1,412.0","1,448.0","1,459.0","1,400.0","112.18K","-1.74%"
"Oct 01, 2018","1,437.0","1,482.0","1,493.0","1,430.5","155.27K","-3.00%"
"Sep 28, 2018","1,481.5","1,500.0","1,510.0","1,475.0","101.56K","-2.24%"
"Sep 27, 2018","1,515.5","1,573.0","1,581.5","1,426.5","338.35K","-3.66%"
"Sep 26, 2018","1,573.0","1,640.0","1,640.0","1,573.0","73.45K","-3.53%"
"Sep 25, 2018","1,630.5","1,616.5","1,640.0","1,615.0","55.35K","0.87%"
"Sep 24, 2018","1,616.5","1,685.0","1,701.0","1,610.0","66.04K","-4.07%"
"Sep 21, 2018","1,685.0","1,668.0","1,692.5","1,649.5","273.13K","0.84%"
"Sep 20, 2018","1,671.0","1,638.0","1,713.0","1,634.5","320.46K","2.83%"
"Sep 19, 2018","1,625.0","1,622.0","1,659.5","1,606.5","86.74K","-0.79%"
"Sep 18, 2018","1,638.0","1,640.0","1,665.5","1,605.5","86.01K","-0.43%"
"Sep 17, 2018","1,645.0","1,595.5","1,645.0","1,595.0","92.47K","3.13%"
"Sep 14, 2018","1,595.0","1,515.5","1,595.0","1,510.0","155.75K","3.57%"
"Sep 13, 2018","1,540.0","1,488.5","1,544.0","1,470.5","171.28K","4.44%"
"Sep 12, 2018","1,474.5","1,515.5","1,516.0","1,446.0","130.97K","-2.48%"
"Sep 11, 2018","1,512.0","1,552.0","1,557.5","1,489.0","168.38K","-3.66%"
"Sep 10, 2018","1,569.5","1,576.5","1,585.0","1,553.5","36.19K","0.42%"
"Sep 07, 2018","1,563.0","1,541.0","1,575.0","1,541.0","32.13K","0.29%"
"Sep 06, 2018","1,558.5","1,552.0","1,570.0","1,529.0","54.19K","0.87%"
"Sep 05, 2018","1,545.0","1,566.0","1,582.5","1,545.0","54.03K","-1.97%"
"Sep 04, 2018","1,576.0","1,572.0","1,588.0","1,567.0","67.24K","0.25%"
"Sep 03, 2018","1,572.0","1,583.5","1,588.0","1,555.0","54.75K","-1.13%"
"Aug 31, 2018","1,590.0","1,520.5","1,590.0","1,510.5","244.98K","3.96%"
"Aug 30, 2018","1,529.5","1,550.0","1,562.0","1,520.0","103.72K","-0.71%"
"Aug 29, 2018","1,540.5","1,536.0","1,554.5","1,523.0","107.67K","0.55%"
"Aug 28, 2018","1,532.0","1,579.5","1,579.5","1,523.5","206.34K","-3.04%"
"Aug 27, 2018","1,580.0","1,568.0","1,581.0","1,550.0","25.45K","0.32%"
"Aug 24, 2018","1,575.0","1,556.0","1,584.0","1,542.0","95.41K","1.22%"
"Aug 23, 2018","1,556.0","1,600.0","1,624.5","1,556.0","114.33K","-3.23%"
"Aug 22, 2018","1,608.0","1,609.5","1,611.5","1,579.0","95.56K","0.06%"
"Aug 21, 2018","1,607.0","1,612.5","1,612.5","1,581.0","95.19K","1.04%"
"Aug 20, 2018","1,590.5","1,576.0","1,606.0","1,564.0","59.05K","1.24%"
"Aug 17, 2018","1,571.0","1,541.0","1,595.0","1,537.5","151.96K","1.98%"
"Aug 16, 2018","1,540.5","1,574.5","1,583.0","1,531.0","166.14K","-2.31%"
"Aug 15, 2018","1,577.0","1,578.5","1,599.0","1,531.0","226.63K","-0.38%"
"Aug 14, 2018","1,583.0","1,623.0","1,682.5","1,578.0","336.43K","-2.52%"
"Aug 13, 2018","1,624.0","1,605.0","1,624.0","1,551.0","345.84K","0.43%"
"Aug 10, 2018","1,617.0","1,666.0","1,670.5","1,582.0","194.14K","-3.29%"
"Aug 09, 2018","1,672.0","1,714.0","1,727.0","1,645.5","182.82K","-2.73%"
"Aug 08, 2018","1,719.0","1,710.0","1,719.0","1,661.0","116.95K","0.53%"
"Aug 07, 2018","1,710.0","1,686.5","1,725.0","1,685.0","76.69K","0.18%"
"Aug 06, 2018","1,707.0","1,683.5","1,715.5","1,666.5","64.68K","1.46%"
"Aug 03, 2018","1,682.5","1,695.0","1,710.0","1,660.0","116.34K","-1.03%"
"Aug 02, 2018","1,700.0","1,721.0","1,727.0","1,700.0","47.92K","-1.79%"
"Aug 01, 2018","1,731.0","1,682.0","1,731.0","1,680.0","89.52K","3.04%"
"Jul 31, 2018","1,680.0","1,703.0","1,706.5","1,670.0","113.47K","-2.78%"
"Jul 30, 2018","1,728.0","1,727.0","1,728.0","1,684.0","78.16K","0.03%"
"Jul 27, 2018","1,727.5","1,748.0","1,765.0","1,706.0","63.74K","-1.76%"
"Jul 26, 2018","1,758.5","1,703.0","1,761.0","1,701.0","106.94K","2.24%"
"Jul 25, 2018","1,720.0","1,724.5","1,747.5","1,707.0","72.26K","-0.81%"
"Jul 24, 2018","1,734.0","1,725.0","1,763.5","1,712.0","71.61K","-0.23%"
"Jul 23, 2018","1,738.0","1,680.0","1,738.0","1,680.0","75.77K","2.75%"
"Jul 20, 2018","1,691.5","1,768.0","1,768.0","1,680.0","127.81K","-4.33%"
"Jul 19, 2018","1,768.0","1,840.0","1,870.0","1,735.0","263.56K","-3.91%"
"Jul 18, 2018","1,840.0","1,767.5","1,884.5","1,753.0","398.32K","4.13%"
"Jul 17, 2018","1,767.0","1,741.0","1,769.0","1,710.0","126.51K","0.40%"
"Jul 16, 2018","1,760.0","1,758.0","1,765.0","1,712.0","84.27K","0.11%"
"Jul 13, 2018","1,758.0","1,720.5","1,758.0","1,711.0","71.34K","2.15%"
"Jul 12, 2018","1,721.0","1,723.0","1,744.0","1,706.5","61.26K","0.32%"
"Jul 11, 2018","1,715.5","1,769.5","1,775.5","1,710.0","100.96K","-3.62%"
"Jul 10, 2018","1,780.0","1,780.0","1,780.0","1,742.5","118.94K","1.63%"
"Jul 09, 2018","1,751.5","1,693.0","1,765.0","1,654.0","239.85K","3.95%"
"Jul 06, 2018","1,685.0","1,699.0","1,700.0","1,658.0","105.52K","-0.88%"
"Jul 05, 2018","1,700.0","1,645.0","1,700.0","1,641.0","171.20K","3.31%"
"Jul 04, 2018","1,645.5","1,621.0","1,681.0","1,612.5","155.89K","1.73%"
"Jul 03, 2018","1,617.5","1,688.0","1,688.0","1,617.0","201.13K","-4.12%"
"Jul 02, 2018","1,687.0","1,690.0","1,700.0","1,661.0","101.06K","-2.32%"
"Jun 29, 2018","1,727.0","1,685.0","1,727.0","1,660.5","186.35K","3.20%"
"Jun 28, 2018","1,673.5","1,690.5","1,720.5","1,672.0","119.87K","-0.98%"
"Jun 27, 2018","1,690.0","1,759.5","1,773.5","1,687.5","234.19K","-3.04%"
"Jun 26, 2018","1,743.0","1,768.0","1,790.0","1,713.5","101.42K","-1.33%"
"Jun 25, 2018","1,766.5","1,710.5","1,792.5","1,710.5","156.79K","2.17%"
"Jun 22, 2018","1,729.0","1,766.0","1,780.0","1,726.5","155.55K","-2.32%"
"Jun 21, 2018","1,770.0","1,746.5","1,795.0","1,730.5","184.27K","2.31%"
"Jun 20, 2018","1,730.0","1,695.5","1,746.5","1,677.0","179.19K","2.85%"
"Jun 19, 2018","1,682.0","1,634.0","1,694.0","1,633.0","165.70K","2.25%"
"Jun 18, 2018","1,645.0","1,626.5","1,664.5","1,615.0","193.23K","1.08%"
"Jun 15, 2018","1,627.5","1,646.0","1,670.0","1,627.5","220.65K","-1.09%"
"Jun 14, 2018","1,645.5","1,650.5","1,675.0","1,617.0","128.20K","-0.30%"
"Jun 13, 2018","1,650.5","1,684.0","1,694.0","1,650.5","178.55K","-1.49%"
"Jun 11, 2018","1,675.5","1,683.0","1,727.0","1,670.5","120.45K","-0.48%"
"Jun 09, 2018","1,683.5","1,690.5","1,690.5","1,671.5","10.04K","0.51%"
"Jun 08, 2018","1,675.0","1,750.0","1,750.0","1,652.0","393.23K","-3.93%"
"Jun 07, 2018","1,743.5","1,764.5","1,789.0","1,743.5","289.42K","-0.85%"
"Jun 06, 2018","1,758.5","1,770.0","1,790.0","1,754.5","836.68K","-0.65%"
"Jun 05, 2018","1,770.0","1,757.5","1,780.0","1,751.5","143.11K","-0.06%"
"Jun 04, 2018","1,771.0","1,757.0","1,783.0","1,754.5","304.59K","1.32%"
"Jun 01, 2018","1,748.0","1,789.0","1,800.0","1,748.0","534.26K","-3.32%"
"May 31, 2018","1,808.0","1,797.5","1,808.0","1,725.0","7.11M","1.29%"
"May 30, 2018","1,785.0","1,848.5","1,848.5","1,760.0","1.36M","-2.99%"
"May 29, 2018","1,840.0","1,915.0","1,916.5","1,783.0","1.27M","-3.92%"
"May 28, 2018","1,915.0","1,845.0","1,925.0","1,845.0","659.23K","3.82%"
"May 25, 2018","1,844.5","1,819.0","1,878.5","1,800.0","586.33K","1.74%"
"May 24, 2018","1,813.0","1,805.5","1,814.5","1,792.0","539.02K","-3.13%"
"May 23, 2018","1,871.5","1,849.0","1,881.0","1,837.5","433.31K","1.49%"
"May 22, 2018","1,844.0","1,874.5","1,874.5","1,817.5","420.68K","-1.10%"
"May 21, 2018","1,864.5","1,880.0","1,904.5","1,860.0","583.11K","-0.82%"
"May 18, 2018","1,880.0","1,917.0","1,925.0","1,874.0","537.81K","-2.34%"
"May 17, 2018","1,925.0","1,924.5","1,930.0","1,896.0","492.67K","0.39%"
"May 16, 2018","1,917.5","1,911.0","1,934.0","1,897.0","550.75K","0.34%"
"May 15, 2018","1,911.0","1,917.0","1,953.5","1,875.0","1.00M","3.07%"
"May 14, 2018","1,854.0","1,820.0","1,867.5","1,800.0","252.16K","3.03%"
"May 11, 2018","1,799.5","1,804.0","1,822.0","1,785.5","239.51K","-0.14%"
"May 10, 2018","1,802.0","1,853.0","1,885.0","1,780.0","182.54K","-2.33%"
"May 08, 2018","1,845.0","1,849.0","1,900.0","1,829.0","196.10K","-0.62%"
"May 07, 2018","1,856.5","1,836.0","1,861.0","1,834.5","86.92K","1.17%"
"May 04, 2018","1,835.0","1,808.5","1,835.0","1,797.5","59.93K","1.89%"
"May 03, 2018","1,801.0","1,815.0","1,837.0","1,790.0","59.10K","-0.77%"
"May 02, 2018","1,815.0","1,798.0","1,840.5","1,782.5","74.04K","1.09%"
"Apr 30, 2018","1,795.5","1,800.5","1,825.0","1,781.0","52.23K","-0.44%"
"Apr 28, 2018","1,803.5","1,824.0","1,823.5","1,770.0","21.76K","0.19%"
"Apr 27, 2018","1,800.0","1,741.0","1,825.0","1,741.0","185.37K","3.45%"
"Apr 26, 2018","1,740.0","1,809.0","1,809.0","1,654.0","770.13K","-3.33%"
"Apr 25, 2018","1,800.0","1,909.5","1,909.5","1,780.5","432.63K","-5.59%"
"Apr 24, 2018","1,906.5","1,940.0","1,953.0","1,901.5","111.33K","-1.73%"
"Apr 23, 2018","1,940.0","1,974.5","1,993.5","1,908.0","178.23K","-1.75%"
"Apr 20, 2018","1,974.5","1,974.5","1,995.5","1,952.0","79.57K","0.03%"
"Apr 19, 2018","1,974.0","2,061.0","2,095.0","1,960.5","108.52K","-3.94%"
"Apr 18, 2018","2,055.0","1,961.5","2,100.0","1,960.5","142.71K","4.37%"
"Apr 17, 2018","1,969.0","1,942.0","2,056.5","1,896.5","174.54K","2.02%"
"Apr 16, 2018","1,930.0","1,857.0","1,938.0","1,855.0","96.08K","1.53%"
"Apr 13, 2018","1,901.0","1,907.5","1,940.0","1,881.5","109.13K","-0.65%"
"Apr 12, 2018","1,913.5","1,880.0","1,948.0","1,850.0","194.15K","2.05%"
"Apr 11, 2018","1,875.0","1,923.5","1,965.0","1,812.0","192.98K","-3.20%"
"Apr 10, 2018","1,937.0","1,884.5","1,973.5","1,865.5","236.85K","2.35%"
"Apr 09, 2018","1,892.5","2,020.0","2,022.0","1,730.0","341.12K","-6.54%"
"Apr 06, 2018","2,025.0","2,030.0","2,069.5","2,000.0","98.55K","-1.22%"
"Apr 05, 2018","2,050.0","1,960.0","2,050.0","1,946.0","152.75K","4.65%"
"Apr 04, 2018","1,959.0","1,958.0","1,959.0","1,927.5","81.70K","0.56%"
"Apr 03, 2018","1,948.0","1,950.0","1,961.5","1,919.0","130.62K","-0.08%"
"Apr 02, 2018","1,949.5","1,947.0","1,965.0","1,913.5","30.73K","0.91%"
"Mar 30, 2018","1,932.0","1,965.0","1,978.0","1,927.0","50.45K","0.00%"
"Mar 29, 2018","1,932.0","1,845.0","2,019.0","1,830.5","337.73K","5.09%"
"Mar 28, 2018","1,838.5","1,847.0","1,847.0","1,801.5","88.54K","-0.43%"
"Mar 27, 2018","1,846.5","1,821.0","1,849.0","1,800.0","86.28K","1.96%"
"Mar 26, 2018","1,811.0","1,858.5","1,862.5","1,809.5","113.56K","-2.53%"
"Mar 23, 2018","1,858.0","1,865.0","1,900.0","1,800.0","153.52K","-0.91%"
"Mar 22, 2018","1,875.0","1,930.0","1,946.0","1,861.0","128.81K","-2.34%"
"Mar 21, 2018","1,920.0","1,890.0","1,936.0","1,875.0","165.89K","1.53%"
"Mar 20, 2018","1,891.0","1,910.0","1,917.0","1,878.5","118.73K","-1.25%"
"Mar 19, 2018","1,915.0","1,965.0","1,981.5","1,894.5","102.84K","-2.54%"
"Mar 16, 2018","1,965.0","1,948.5","1,966.5","1,926.0","126.07K","0.00%"
"Mar 15, 2018","1,965.0","1,861.0","1,965.0","1,850.0","165.87K","4.22%"
"Mar 14, 2018","1,885.5","1,922.0","1,922.5","1,867.0","112.53K","-1.28%"
"Mar 13, 2018","1,910.0","1,975.0","1,975.0","1,905.0","122.43K","-2.58%"
"Mar 12, 2018","1,960.5","1,965.5","1,980.0","1,937.0","84.38K","0.26%"
"Mar 09, 2018","1,955.5","1,935.0","1,968.0","1,935.0","102.55K","0.46%"
"Mar 07, 2018","1,946.5","1,957.5","1,960.0","1,920.0","155.04K","0.15%"
"Mar 06, 2018","1,943.5","2,001.5","2,032.5","1,930.0","140.87K","-3.60%"
"Mar 05, 2018","2,016.0","2,006.5","2,050.0","1,980.0","41.94K","0.77%"
"Mar 02, 2018","2,000.5","2,020.0","2,044.5","1,969.5","93.98K","-1.94%"
"Mar 01, 2018","2,040.0","2,023.5","2,040.0","1,994.5","56.63K","1.24%"
"Feb 28, 2018","2,015.0","2,006.5","2,029.0","2,002.5","13.95K","-0.10%"
"Feb 27, 2018","2,017.0","2,034.0","2,034.0","2,003.5","3.94K","0.00%"
"Feb 26, 2018","2,017.0","2,020.0","2,035.0","2,003.0","13.77K","1.03%"
"Feb 22, 2018","1,996.5","1,958.0","2,030.0","1,930.0","52.06K","1.97%"
"Feb 21, 2018","1,958.0","1,979.5","2,019.5","1,905.5","44.03K","-1.09%"
"Feb 20, 2018","1,979.5","2,075.0","2,075.5","1,941.5","83.63K","-4.81%"
"Feb 19, 2018","2,079.5","2,209.0","2,209.0","2,060.0","41.10K","-2.37%"
"Feb 16, 2018","2,130.0","2,157.5","2,260.0","2,080.0","55.94K","-0.65%"
"Feb 15, 2018","2,144.0","2,150.5","2,155.0","2,112.0","22.48K","-0.30%"
"Feb 14, 2018","2,150.5","2,149.5","2,172.0","2,142.5","28.27K","0.49%"
"Feb 13, 2018","2,140.0","2,150.0","2,150.0","2,091.0","27.53K","1.88%"
"Feb 12, 2018","2,100.5","2,065.0","2,125.0","2,052.5","11.49K","2.66%"
"Feb 09, 2018","2,046.0","2,064.0","2,120.0","2,035.0","28.72K","-4.12%"
"Feb 08, 2018","2,134.0","2,090.0","2,195.0","2,060.0","32.09K","2.11%"
"Feb 07, 2018","2,090.0","2,020.0","2,117.0","2,020.0","22.83K","0.97%"
"Feb 06, 2018","2,070.0","2,060.0","2,088.5","2,005.0","60.39K","-0.93%"
"Feb 05, 2018","2,089.5","2,070.0","2,090.0","2,013.0","67.26K","1.83%"
"Feb 02, 2018","2,052.0","2,129.0","2,130.0","2,015.0","129.07K","-2.75%"